project,unit_type,unit_no
GRAHAYANA,ASWANA,A1/16
GRAHAYANA,ASWANA,A1/17
GRAHAYANA,ASWANA,A1/18
GRAHAYANA,ASWANA,A1/19
GRAHAYANA,ASWANA,A1/20
GRAHAYANA,ASWANA,A1/21
GRAHAYANA,ASWANA,A1/22
GRAHAYANA,ASWANA,A1/23
GRAHAYANA,ASWANA,A1/25
GRAHAYANA,ASWANA,A1/26
GRAHAYANA,ASWANA,A1/27
GRAHAYANA,ASWANA,A1/28
GRAHAYANA,ASWANA,A1/29
GRAHAYANA,ASWANA,A6/18
GRAHAYANA,ASWANA,A6/19
GRAHAYANA,ASWANA,A6/20
GRAHAYANA,ASWANA,A6/21
GRAHAYANA,ASWANA,A6/22
GRAHAYANA,ASWANA,A6/23
GRAHAYANA,ASWANA,A6/25
GRAHAYANA,ASWANA,A6/26
GRAHAYANA,ASWANA,A6/27
GRAHAYANA,ASWANA,A6/28
GRAHAYANA,ASWANA,A6/29
GRAHAYANA,ASWANA,A7/19
GRAHAYANA,ASWANA,A7/20
GRAHAYANA,ASWANA,A7/21
GRAHAYANA,ASWANA,A7/22
GRAHAYANA,ASWANA,A7/23
GRAHAYANA,ASWANA,A7/25
GRAHAYANA,ASWANA,A7/26
GRAHAYANA,ASWANA,A7/27
GRAHAYANA,ASWANA,A7/28
GRAHAYANA,ASWANA,A7/29
GRAHAYANA,ASWANA,A7/30
GRAHAYANA,ASWANA,A7/31
GRAHAYANA,ASWANA,A7/32
GRAHAYANA,ASWANA,A7/33
GRAHAYANA,ASWANA,A7/35
GRAHAYANA,ASWANA,A7/36
GRAHAYANA,ASWANA,C3/1
GRAHAYANA,ASWANA,C3/2
GRAHAYANA,ASWANA,C3/3
GRAHAYANA,ASWANA,C3/5
GRAHAYANA,ASWANA,C3/6
GRAHAYANA,ASWANA,C3/7
GRAHAYANA,ASWANA,C3/8
GRAHAYANA,ASWANA,C3/9
GRAHAYANA,ASWANA,C5/1
GRAHAYANA,ASWANA,C5/2
GRAHAYANA,ASWANA,C5/3
GRAHAYANA,ASWANA,D1/1
GRAHAYANA,ASWANA,D1/2
GRAHAYANA,ASWANA,D2/1
GRAHAYANA,ASWANA,D2/10
GRAHAYANA,ASWANA,D2/11
GRAHAYANA,ASWANA,D2/12
GRAHAYANA,ASWANA,D2/2
GRAHAYANA,ASWANA,D2/3
GRAHAYANA,ASWANA,D2/5
GRAHAYANA,ASWANA,D2/6
GRAHAYANA,ASWANA,D2/7
GRAHAYANA,ASWANA,D2/8
GRAHAYANA,ASWANA,D2/9
GRAHAYANA,ASWANA,D7/10
GRAHAYANA,ASWANA,D7/11
GRAHAYANA,ASWANA,D7/7
GRAHAYANA,ASWANA,D7/8
GRAHAYANA,ASWANA,D7/9
GRAHAYANA,ASWANA,E2/1
GRAHAYANA,ASWANA,E2/2
GRAHAYANA,ASWANA,E2/3
GRAHAYANA,ASWANA,E2/5
GRAHAYANA,ASWANA,G1/12
GRAHAYANA,ASWANA,G1/15
GRAHAYANA,ASWANA,G1/16
GRAHAYANA,ASWANA,G1/17
GRAHAYANA,ASWANA,G1/18
GRAHAYANA,ASWANA,G1/19
GRAHAYANA,ASWANA,G1/20
GRAHAYANA,ASWANA,G1/21
GRAHAYANA,ASWANA,G1/22
GRAHAYANA,ASWANA,G1/23
GRAHAYANA,ASWANA,G1/25
GRAHAYANA,ASWANA,G1/26
GRAHAYANA,ASWANA,G2/1
GRAHAYANA,ASWANA,G2/10
GRAHAYANA,ASWANA,G2/11
GRAHAYANA,ASWANA,G2/12
GRAHAYANA,ASWANA,G2/15
GRAHAYANA,ASWANA,G2/16
GRAHAYANA,ASWANA,G2/17
GRAHAYANA,ASWANA,G2/18
GRAHAYANA,ASWANA,G2/19
GRAHAYANA,ASWANA,G2/2
GRAHAYANA,ASWANA,G2/20
GRAHAYANA,ASWANA,G2/21
GRAHAYANA,ASWANA,G2/3
GRAHAYANA,ASWANA,G2/5
GRAHAYANA,ASWANA,G2/6
GRAHAYANA,ASWANA,G2/7
GRAHAYANA,ASWANA,G2/8
GRAHAYANA,ASWANA,G2/9
GRAHAYANA,ASWANA,G3/1
GRAHAYANA,ASWANA,G3/2
GRAHAYANA,ASWANA,G3/3
GRAHAYANA,ASWANA,G3/5
GRAHAYANA,ASWANA,G3/6
GRAHAYANA,ASWANA,G3/7
GRAHAYANA,ASWANA,G5/1
GRAHAYANA,ASWANA,G5/10
GRAHAYANA,ASWANA,G5/11
GRAHAYANA,ASWANA,G5/12
GRAHAYANA,ASWANA,G5/15
GRAHAYANA,ASWANA,G5/16
GRAHAYANA,ASWANA,G5/17
GRAHAYANA,ASWANA,G5/18
GRAHAYANA,ASWANA,G5/19
GRAHAYANA,ASWANA,G5/2
GRAHAYANA,ASWANA,G5/20
GRAHAYANA,ASWANA,G5/21
GRAHAYANA,ASWANA,G5/22
GRAHAYANA,ASWANA,G5/23
GRAHAYANA,ASWANA,G5/25
GRAHAYANA,ASWANA,G5/26
GRAHAYANA,ASWANA,G5/27
GRAHAYANA,ASWANA,G5/28
GRAHAYANA,ASWANA,G5/29
GRAHAYANA,ASWANA,G5/3
GRAHAYANA,ASWANA,G5/30
GRAHAYANA,ASWANA,G5/31
GRAHAYANA,ASWANA,G5/32
GRAHAYANA,ASWANA,G5/5
GRAHAYANA,ASWANA,G5/6
GRAHAYANA,ASWANA,G5/7
GRAHAYANA,ASWANA,G5/8
GRAHAYANA,ASWANA,G5/9
GRAHAYANA,ASWANA,G6/1
GRAHAYANA,ASWANA,G6/10
GRAHAYANA,ASWANA,G6/11
GRAHAYANA,ASWANA,G6/12
GRAHAYANA,ASWANA,G6/15
GRAHAYANA,ASWANA,G6/16
GRAHAYANA,ASWANA,G6/17
GRAHAYANA,ASWANA,G6/18
GRAHAYANA,ASWANA,G6/19
GRAHAYANA,ASWANA,G6/2
GRAHAYANA,ASWANA,G6/20
GRAHAYANA,ASWANA,G6/21
GRAHAYANA,ASWANA,G6/22
GRAHAYANA,ASWANA,G6/23
GRAHAYANA,ASWANA,G6/25
GRAHAYANA,ASWANA,G6/26
GRAHAYANA,ASWANA,G6/27
GRAHAYANA,ASWANA,G6/28
GRAHAYANA,ASWANA,G6/29
GRAHAYANA,ASWANA,G6/3
GRAHAYANA,ASWANA,G6/30
GRAHAYANA,ASWANA,G6/31
GRAHAYANA,ASWANA,G6/32
GRAHAYANA,ASWANA,G6/33
GRAHAYANA,ASWANA,G6/5
GRAHAYANA,ASWANA,G6/6
GRAHAYANA,ASWANA,G6/7
GRAHAYANA,ASWANA,G6/8
GRAHAYANA,ASWANA,G6/9
GRAHAYANA,ASWANA,G7/1
GRAHAYANA,ASWANA,G7/10
GRAHAYANA,ASWANA,G7/11
GRAHAYANA,ASWANA,G7/12
GRAHAYANA,ASWANA,G7/15
GRAHAYANA,ASWANA,G7/16
GRAHAYANA,ASWANA,G7/17
GRAHAYANA,ASWANA,G7/18
GRAHAYANA,ASWANA,G7/19
GRAHAYANA,ASWANA,G7/2
GRAHAYANA,ASWANA,G7/20
GRAHAYANA,ASWANA,G7/21
GRAHAYANA,ASWANA,G7/22
GRAHAYANA,ASWANA,G7/23
GRAHAYANA,ASWANA,G7/25
GRAHAYANA,ASWANA,G7/26
GRAHAYANA,ASWANA,G7/27
GRAHAYANA,ASWANA,G7/28
GRAHAYANA,ASWANA,G7/3
GRAHAYANA,ASWANA,G7/5
GRAHAYANA,ASWANA,G7/6
GRAHAYANA,ASWANA,G7/7
GRAHAYANA,ASWANA,G7/8
GRAHAYANA,ASWANA,G7/9
GRAHAYANA,ASWANA,G8/1
GRAHAYANA,ASWANA,G8/10
GRAHAYANA,ASWANA,G8/11
GRAHAYANA,ASWANA,G8/12
GRAHAYANA,ASWANA,G8/15
GRAHAYANA,ASWANA,G8/16
GRAHAYANA,ASWANA,G8/17
GRAHAYANA,ASWANA,G8/18
GRAHAYANA,ASWANA,G8/19
GRAHAYANA,ASWANA,G8/2
GRAHAYANA,ASWANA,G8/20
GRAHAYANA,ASWANA,G8/21
GRAHAYANA,ASWANA,G8/22
GRAHAYANA,ASWANA,G8/23
GRAHAYANA,ASWANA,G8/25
GRAHAYANA,ASWANA,G8/26
GRAHAYANA,ASWANA,G8/27
GRAHAYANA,ASWANA,G8/28
GRAHAYANA,ASWANA,G8/29
GRAHAYANA,ASWANA,G8/3
GRAHAYANA,ASWANA,G8/30
GRAHAYANA,ASWANA,G8/31
GRAHAYANA,ASWANA,G8/32
GRAHAYANA,ASWANA,G8/5
GRAHAYANA,ASWANA,G8/6
GRAHAYANA,ASWANA,G8/7
GRAHAYANA,ASWANA,G8/8
GRAHAYANA,ASWANA,G8/9
GRAHAYANA,ASWANA,G9/1
GRAHAYANA,ASWANA,G9/2
GRAHAYANA,ASWANA,G9/26
GRAHAYANA,AVANA,A12/1
GRAHAYANA,AVANA,A12/2
GRAHAYANA,AVANA,A12/3
GRAHAYANA,AVANA,A12/5
GRAHAYANA,AVANA,A12/6
GRAHAYANA,BHUVANA,A1/1
GRAHAYANA,BHUVANA,A1/10
GRAHAYANA,BHUVANA,A1/11
GRAHAYANA,BHUVANA,A1/12
GRAHAYANA,BHUVANA,A1/15
GRAHAYANA,BHUVANA,A1/2
GRAHAYANA,BHUVANA,A1/3
GRAHAYANA,BHUVANA,A1/5
GRAHAYANA,BHUVANA,A1/6
GRAHAYANA,BHUVANA,A1/7
GRAHAYANA,BHUVANA,A1/8
GRAHAYANA,BHUVANA,A1/9
GRAHAYANA,BHUVANA,A10/9
GRAHAYANA,BHUVANA,A2/1
GRAHAYANA,BHUVANA,A2/10
GRAHAYANA,BHUVANA,A2/11
GRAHAYANA,BHUVANA,A2/12
GRAHAYANA,BHUVANA,A2/15
GRAHAYANA,BHUVANA,A2/16
GRAHAYANA,BHUVANA,A2/17
GRAHAYANA,BHUVANA,A2/18
GRAHAYANA,BHUVANA,A2/19
GRAHAYANA,BHUVANA,A2/2
GRAHAYANA,BHUVANA,A2/20
GRAHAYANA,BHUVANA,A2/21
GRAHAYANA,BHUVANA,A2/22
GRAHAYANA,BHUVANA,A2/23
GRAHAYANA,BHUVANA,A2/25
GRAHAYANA,BHUVANA,A2/3
GRAHAYANA,BHUVANA,A2/30
GRAHAYANA,BHUVANA,A2/31
GRAHAYANA,BHUVANA,A2/32
GRAHAYANA,BHUVANA,A2/33
GRAHAYANA,BHUVANA,A2/35
GRAHAYANA,BHUVANA,A2/36
GRAHAYANA,BHUVANA,A2/37
GRAHAYANA,BHUVANA,A2/38
GRAHAYANA,BHUVANA,A2/39
GRAHAYANA,BHUVANA,A2/5
GRAHAYANA,BHUVANA,A2/50
GRAHAYANA,BHUVANA,A2/51
GRAHAYANA,BHUVANA,A2/52
GRAHAYANA,BHUVANA,A2/53
GRAHAYANA,BHUVANA,A2/55
GRAHAYANA,BHUVANA,A2/56
GRAHAYANA,BHUVANA,A2/57
GRAHAYANA,BHUVANA,A2/58
GRAHAYANA,BHUVANA,A2/59
GRAHAYANA,BHUVANA,A2/6
GRAHAYANA,BHUVANA,A2/60
GRAHAYANA,BHUVANA,A2/61
GRAHAYANA,BHUVANA,A2/62
GRAHAYANA,BHUVANA,A2/7
GRAHAYANA,BHUVANA,A2/8
GRAHAYANA,BHUVANA,A2/9
GRAHAYANA,BHUVANA,A3/1
GRAHAYANA,BHUVANA,A3/27
GRAHAYANA,BHUVANA,A6/16
GRAHAYANA,BHUVANA,A6/17
GRAHAYANA,BHUVANA,A8/11
GRAHAYANA,BHUVANA,A8/12
GRAHAYANA,BHUVANA,A8/15
GRAHAYANA,BHUVANA,A8/16
GRAHAYANA,BHUVANA,A9/1
GRAHAYANA,BHUVANA,A9/5
GRAHAYANA,BHUVANA,A9/6
GRAHAYANA,BHUVANA,A9/8
GRAHAYANA,BHUVANA,B1/1
GRAHAYANA,BHUVANA,B1/10
GRAHAYANA,BHUVANA,B1/11
GRAHAYANA,BHUVANA,B1/12
GRAHAYANA,BHUVANA,B1/15
GRAHAYANA,BHUVANA,B1/16
GRAHAYANA,BHUVANA,B1/17
GRAHAYANA,BHUVANA,B1/18
GRAHAYANA,BHUVANA,B1/19
GRAHAYANA,BHUVANA,B1/2
GRAHAYANA,BHUVANA,B1/20
GRAHAYANA,BHUVANA,B1/21
GRAHAYANA,BHUVANA,B1/22
GRAHAYANA,BHUVANA,B1/23
GRAHAYANA,BHUVANA,B1/25
GRAHAYANA,BHUVANA,B1/26
GRAHAYANA,BHUVANA,B1/27
GRAHAYANA,BHUVANA,B1/28
GRAHAYANA,BHUVANA,B1/3
GRAHAYANA,BHUVANA,B1/5
GRAHAYANA,BHUVANA,B1/6
GRAHAYANA,BHUVANA,B1/7
GRAHAYANA,BHUVANA,B1/8
GRAHAYANA,BHUVANA,B1/9
GRAHAYANA,BHUVANA,B2/1
GRAHAYANA,BHUVANA,B2/10
GRAHAYANA,BHUVANA,B2/5
GRAHAYANA,BHUVANA,B2/6
GRAHAYANA,BHUVANA,B2/8
GRAHAYANA,BHUVANA,B2/9
GRAHAYANA,BHUVANA,B3/1
GRAHAYANA,BHUVANA,B3/12
GRAHAYANA,BHUVANA,B3/15
GRAHAYANA,BHUVANA,B3/16
GRAHAYANA,BHUVANA,B3/17
GRAHAYANA,BHUVANA,B3/2
GRAHAYANA,BHUVANA,B3/3
GRAHAYANA,BHUVANA,B3/5
GRAHAYANA,BHUVANA,B3/8
GRAHAYANA,BHUVANA,B3/9
GRAHAYANA,BHUVANA,C1/10
GRAHAYANA,BHUVANA,C1/11
GRAHAYANA,BHUVANA,C1/12
GRAHAYANA,BHUVANA,C1/15
GRAHAYANA,BHUVANA,C1/16
GRAHAYANA,BHUVANA,C1/17
GRAHAYANA,BHUVANA,C1/18
GRAHAYANA,BHUVANA,C1/3
GRAHAYANA,BHUVANA,C1/5
GRAHAYANA,BHUVANA,C1/6
GRAHAYANA,BHUVANA,C1/7
GRAHAYANA,BHUVANA,C1/8
GRAHAYANA,BHUVANA,C1/9
GRAHAYANA,BHUVANA,C10/1
GRAHAYANA,BHUVANA,C10/10
GRAHAYANA,BHUVANA,C10/11
GRAHAYANA,BHUVANA,C10/2
GRAHAYANA,BHUVANA,C10/3
GRAHAYANA,BHUVANA,C10/9
GRAHAYANA,BHUVANA,C11/1
GRAHAYANA,BHUVANA,C11/10
GRAHAYANA,BHUVANA,C11/11
GRAHAYANA,BHUVANA,C11/12
GRAHAYANA,BHUVANA,C11/15
GRAHAYANA,BHUVANA,C11/2
GRAHAYANA,BHUVANA,C11/3
GRAHAYANA,BHUVANA,C11/5
GRAHAYANA,BHUVANA,C11/6
GRAHAYANA,BHUVANA,C11/9
GRAHAYANA,BHUVANA,C12/1
GRAHAYANA,BHUVANA,C12/10
GRAHAYANA,BHUVANA,C12/11
GRAHAYANA,BHUVANA,C12/2
GRAHAYANA,BHUVANA,C12/3
GRAHAYANA,BHUVANA,C12/9
GRAHAYANA,BHUVANA,C15/1
GRAHAYANA,BHUVANA,C15/17
GRAHAYANA,BHUVANA,C15/18
GRAHAYANA,BHUVANA,C15/19
GRAHAYANA,BHUVANA,C15/2
GRAHAYANA,BHUVANA,C15/3
GRAHAYANA,BHUVANA,C2/1
GRAHAYANA,BHUVANA,C2/12
GRAHAYANA,BHUVANA,C2/15
GRAHAYANA,BHUVANA,C2/2
GRAHAYANA,BHUVANA,C6/1
GRAHAYANA,BHUVANA,C6/15
GRAHAYANA,BHUVANA,C6/16
GRAHAYANA,BHUVANA,C6/17
GRAHAYANA,BHUVANA,C6/2
GRAHAYANA,BHUVANA,C6/3
GRAHAYANA,BHUVANA,C8/1
GRAHAYANA,BHUVANA,C8/17
GRAHAYANA,BHUVANA,G1/10
GRAHAYANA,BHUVANA,G1/11
GRAHAYANA,BHUVANA,G1/2
GRAHAYANA,BHUVANA,G1/3
GRAHAYANA,BHUVANA,G1/5
GRAHAYANA,BHUVANA,G1/6
GRAHAYANA,BHUVANA,G1/7
GRAHAYANA,BHUVANA,G1/8
GRAHAYANA,BHUVANA,G1/9
GRAHAYANA,KIRANA,A11/1
GRAHAYANA,KIRANA,A11/10
GRAHAYANA,KIRANA,A11/11
GRAHAYANA,KIRANA,A11/2
GRAHAYANA,KIRANA,A11/3
GRAHAYANA,KIRANA,A11/5
GRAHAYANA,KIRANA,A11/6
GRAHAYANA,KIRANA,A11/7
GRAHAYANA,KIRANA,A11/8
GRAHAYANA,KIRANA,A11/9
GRAHAYANA,KIRANA,A12/10
GRAHAYANA,KIRANA,A12/11
GRAHAYANA,KIRANA,A12/12
GRAHAYANA,KIRANA,A12/7
GRAHAYANA,KIRANA,A12/8
GRAHAYANA,KIRANA,A12/9
GRAHAYANA,SADANA,A10/1
GRAHAYANA,SADANA,A10/2
GRAHAYANA,SADANA,A10/3
GRAHAYANA,SADANA,A10/5
GRAHAYANA,SADANA,A10/6
GRAHAYANA,SADANA,A10/7
GRAHAYANA,SADANA,A10/8
GRAHAYANA,SADANA,A2/26
GRAHAYANA,SADANA,A2/27
GRAHAYANA,SADANA,A2/28
GRAHAYANA,SADANA,A2/29
GRAHAYANA,SADANA,A3/10
GRAHAYANA,SADANA,A3/11
GRAHAYANA,SADANA,A3/12
GRAHAYANA,SADANA,A3/15
GRAHAYANA,SADANA,A3/16
GRAHAYANA,SADANA,A3/17
GRAHAYANA,SADANA,A3/18
GRAHAYANA,SADANA,A3/19
GRAHAYANA,SADANA,A3/2
GRAHAYANA,SADANA,A3/20
GRAHAYANA,SADANA,A3/21
GRAHAYANA,SADANA,A3/22
GRAHAYANA,SADANA,A3/23
GRAHAYANA,SADANA,A3/25
GRAHAYANA,SADANA,A3/26
GRAHAYANA,SADANA,A3/3
GRAHAYANA,SADANA,A3/5
GRAHAYANA,SADANA,A3/6
GRAHAYANA,SADANA,A3/7
GRAHAYANA,SADANA,A3/8
GRAHAYANA,SADANA,A3/9
GRAHAYANA,SADANA,A5/1
GRAHAYANA,SADANA,A5/10
GRAHAYANA,SADANA,A5/11
GRAHAYANA,SADANA,A5/12
GRAHAYANA,SADANA,A5/15
GRAHAYANA,SADANA,A5/16
GRAHAYANA,SADANA,A5/17
GRAHAYANA,SADANA,A5/18
GRAHAYANA,SADANA,A5/19
GRAHAYANA,SADANA,A5/2
GRAHAYANA,SADANA,A5/20
GRAHAYANA,SADANA,A5/21
GRAHAYANA,SADANA,A5/22
GRAHAYANA,SADANA,A5/23
GRAHAYANA,SADANA,A5/25
GRAHAYANA,SADANA,A5/26
GRAHAYANA,SADANA,A5/27
GRAHAYANA,SADANA,A5/28
GRAHAYANA,SADANA,A5/29
GRAHAYANA,SADANA,A5/3
GRAHAYANA,SADANA,A5/30
GRAHAYANA,SADANA,A5/31
GRAHAYANA,SADANA,A5/32
GRAHAYANA,SADANA,A5/33
GRAHAYANA,SADANA,A5/35
GRAHAYANA,SADANA,A5/5
GRAHAYANA,SADANA,A5/6
GRAHAYANA,SADANA,A5/7
GRAHAYANA,SADANA,A5/8
GRAHAYANA,SADANA,A5/9
GRAHAYANA,SADANA,A6/1
GRAHAYANA,SADANA,A6/10
GRAHAYANA,SADANA,A6/11
GRAHAYANA,SADANA,A6/12
GRAHAYANA,SADANA,A6/15
GRAHAYANA,SADANA,A6/2
GRAHAYANA,SADANA,A6/3
GRAHAYANA,SADANA,A6/5
GRAHAYANA,SADANA,A6/6
GRAHAYANA,SADANA,A6/7
GRAHAYANA,SADANA,A6/8
GRAHAYANA,SADANA,A6/9
GRAHAYANA,SADANA,A7/1
GRAHAYANA,SADANA,A7/10
GRAHAYANA,SADANA,A7/11
GRAHAYANA,SADANA,A7/12
GRAHAYANA,SADANA,A7/15
GRAHAYANA,SADANA,A7/16
GRAHAYANA,SADANA,A7/17
GRAHAYANA,SADANA,A7/18
GRAHAYANA,SADANA,A7/2
GRAHAYANA,SADANA,A7/3
GRAHAYANA,SADANA,A7/5
GRAHAYANA,SADANA,A7/6
GRAHAYANA,SADANA,A7/7
GRAHAYANA,SADANA,A7/8
GRAHAYANA,SADANA,A7/9
GRAHAYANA,SADANA,A8/1
GRAHAYANA,SADANA,A8/10
GRAHAYANA,SADANA,A8/17
GRAHAYANA,SADANA,A8/18
GRAHAYANA,SADANA,A8/19
GRAHAYANA,SADANA,A8/2
GRAHAYANA,SADANA,A8/20
GRAHAYANA,SADANA,A8/21
GRAHAYANA,SADANA,A8/22
GRAHAYANA,SADANA,A8/23
GRAHAYANA,SADANA,A8/25
GRAHAYANA,SADANA,A8/26
GRAHAYANA,SADANA,A8/3
GRAHAYANA,SADANA,A8/5
GRAHAYANA,SADANA,A8/6
GRAHAYANA,SADANA,A8/7
GRAHAYANA,SADANA,A8/8
GRAHAYANA,SADANA,A8/9
GRAHAYANA,SADANA,A9/2
GRAHAYANA,SADANA,A9/3
GRAHAYANA,SADANA,A9/7
GRAHAYANA,SADANA,B2/2
GRAHAYANA,SADANA,B2/3
GRAHAYANA,SADANA,B2/7
GRAHAYANA,SADANA,B3/10
GRAHAYANA,SADANA,B3/11
GRAHAYANA,SADANA,B3/6
GRAHAYANA,SADANA,B3/7
GRAHAYANA,SADANA,C1/1
GRAHAYANA,SADANA,C1/19
GRAHAYANA,SADANA,C1/2
GRAHAYANA,SADANA,C1/20
GRAHAYANA,SADANA,C1/21
GRAHAYANA,SADANA,C1/22
GRAHAYANA,SADANA,C1/23
GRAHAYANA,SADANA,C1/25
GRAHAYANA,SADANA,C1/26
GRAHAYANA,SADANA,C1/27
GRAHAYANA,SADANA,C1/28
GRAHAYANA,SADANA,C1/29
GRAHAYANA,SADANA,C1/30
GRAHAYANA,SADANA,C1/31
GRAHAYANA,SADANA,C1/32
GRAHAYANA,SADANA,C1/33
GRAHAYANA,SADANA,C10/5
GRAHAYANA,SADANA,C10/6
GRAHAYANA,SADANA,C10/7
GRAHAYANA,SADANA,C10/8
GRAHAYANA,SADANA,C11/7
GRAHAYANA,SADANA,C11/8
GRAHAYANA,SADANA,C12/5
GRAHAYANA,SADANA,C12/6
GRAHAYANA,SADANA,C12/7
GRAHAYANA,SADANA,C12/8
GRAHAYANA,SADANA,C15/10
GRAHAYANA,SADANA,C15/11
GRAHAYANA,SADANA,C15/12
GRAHAYANA,SADANA,C15/15
GRAHAYANA,SADANA,C15/16
GRAHAYANA,SADANA,C15/5
GRAHAYANA,SADANA,C15/6
GRAHAYANA,SADANA,C15/7
GRAHAYANA,SADANA,C15/8
GRAHAYANA,SADANA,C15/9
GRAHAYANA,SADANA,C2/10
GRAHAYANA,SADANA,C2/11
GRAHAYANA,SADANA,C2/3
GRAHAYANA,SADANA,C2/5
GRAHAYANA,SADANA,C2/6
GRAHAYANA,SADANA,C2/7
GRAHAYANA,SADANA,C2/8
GRAHAYANA,SADANA,C2/9
GRAHAYANA,SADANA,C6/10
GRAHAYANA,SADANA,C6/11
GRAHAYANA,SADANA,C6/12
GRAHAYANA,SADANA,C6/5
GRAHAYANA,SADANA,C6/6
GRAHAYANA,SADANA,C6/7
GRAHAYANA,SADANA,C6/8
GRAHAYANA,SADANA,C6/9
GRAHAYANA,SADANA,C7/1
GRAHAYANA,SADANA,C7/10
GRAHAYANA,SADANA,C7/11
GRAHAYANA,SADANA,C7/12
GRAHAYANA,SADANA,C7/15
GRAHAYANA,SADANA,C7/2
GRAHAYANA,SADANA,C7/3
GRAHAYANA,SADANA,C7/5
GRAHAYANA,SADANA,C7/6
GRAHAYANA,SADANA,C7/7
GRAHAYANA,SADANA,C7/8
GRAHAYANA,SADANA,C7/9
GRAHAYANA,SADANA,C8/10
GRAHAYANA,SADANA,C8/11
GRAHAYANA,SADANA,C8/12
GRAHAYANA,SADANA,C8/15
GRAHAYANA,SADANA,C8/16
GRAHAYANA,SADANA,C8/2
GRAHAYANA,SADANA,C8/3
GRAHAYANA,SADANA,C8/5
GRAHAYANA,SADANA,C8/6
GRAHAYANA,SADANA,C8/7
GRAHAYANA,SADANA,C8/8
GRAHAYANA,SADANA,C8/9
GRAHAYANA,SADANA,C9/1
GRAHAYANA,SADANA,C9/10
GRAHAYANA,SADANA,C9/11
GRAHAYANA,SADANA,C9/12
GRAHAYANA,SADANA,C9/2
GRAHAYANA,SADANA,C9/3
GRAHAYANA,SADANA,C9/3A
GRAHAYANA,SADANA,C9/5
GRAHAYANA,SADANA,C9/6
GRAHAYANA,SADANA,C9/7
GRAHAYANA,SADANA,C9/8
GRAHAYANA,SADANA,C9/9
GRAHAYANA,SADANA,D3/1
GRAHAYANA,SADANA,D3/2
GRAHAYANA,SADANA,D3/3
GRAHAYANA,SADANA,D5/1
GRAHAYANA,SADANA,D5/10
GRAHAYANA,SADANA,D5/11
GRAHAYANA,SADANA,D5/2
GRAHAYANA,SADANA,D5/3
GRAHAYANA,SADANA,D5/5
GRAHAYANA,SADANA,D5/6
GRAHAYANA,SADANA,D5/7
GRAHAYANA,SADANA,D5/8
GRAHAYANA,SADANA,D5/9
GRAHAYANA,SADANA,D6/1
GRAHAYANA,SADANA,D6/10
GRAHAYANA,SADANA,D6/11
GRAHAYANA,SADANA,D6/12
GRAHAYANA,SADANA,D6/15
GRAHAYANA,SADANA,D6/16
GRAHAYANA,SADANA,D6/17
GRAHAYANA,SADANA,D6/18
GRAHAYANA,SADANA,D6/19
GRAHAYANA,SADANA,D6/2
GRAHAYANA,SADANA,D6/20
GRAHAYANA,SADANA,D6/21
GRAHAYANA,SADANA,D6/22
GRAHAYANA,SADANA,D6/23
GRAHAYANA,SADANA,D6/3
GRAHAYANA,SADANA,D6/5
GRAHAYANA,SADANA,D6/6
GRAHAYANA,SADANA,D6/7
GRAHAYANA,SADANA,D6/8
GRAHAYANA,SADANA,D6/9
GRAHAYANA,SADANA,D7/1
GRAHAYANA,SADANA,D7/2
GRAHAYANA,SADANA,D7/3
GRAHAYANA,SADANA,D7/5
GRAHAYANA,SADANA,D7/6
GRAHAYANA,SADANA,E1/1
GRAHAYANA,SADANA,E1/10
GRAHAYANA,SADANA,E1/11
GRAHAYANA,SADANA,E1/12
GRAHAYANA,SADANA,E1/15
GRAHAYANA,SADANA,E1/16
GRAHAYANA,SADANA,E1/17
GRAHAYANA,SADANA,E1/18
GRAHAYANA,SADANA,E1/19
GRAHAYANA,SADANA,E1/2
GRAHAYANA,SADANA,E1/20
GRAHAYANA,SADANA,E1/21
GRAHAYANA,SADANA,E1/22
GRAHAYANA,SADANA,E1/23
GRAHAYANA,SADANA,E1/25
GRAHAYANA,SADANA,E1/26
GRAHAYANA,SADANA,E1/27
GRAHAYANA,SADANA,E1/28
GRAHAYANA,SADANA,E1/29
GRAHAYANA,SADANA,E1/3
GRAHAYANA,SADANA,E1/30
GRAHAYANA,SADANA,E1/31
GRAHAYANA,SADANA,E1/32
GRAHAYANA,SADANA,E1/33
GRAHAYANA,SADANA,E1/35
GRAHAYANA,SADANA,E1/36
GRAHAYANA,SADANA,E1/37
GRAHAYANA,SADANA,E1/38
GRAHAYANA,SADANA,E1/39
GRAHAYANA,SADANA,E1/5
GRAHAYANA,SADANA,E1/50
GRAHAYANA,SADANA,E1/51
GRAHAYANA,SADANA,E1/52
GRAHAYANA,SADANA,E1/53
GRAHAYANA,SADANA,E1/55
GRAHAYANA,SADANA,E1/56
GRAHAYANA,SADANA,E1/57
GRAHAYANA,SADANA,E1/58
GRAHAYANA,SADANA,E1/59
GRAHAYANA,SADANA,E1/6
GRAHAYANA,SADANA,E1/60
GRAHAYANA,SADANA,E1/61
GRAHAYANA,SADANA,E1/62
GRAHAYANA,SADANA,E1/7
GRAHAYANA,SADANA,E1/8
GRAHAYANA,SADANA,E1/9
GRAHAYANA,SADANA,E2/6
GRAHAYANA,SADANA,E2/7
GRAHAYANA,SADANA,E2/8
GRAHAYANA,SADANA,E2/9
GRAHAYANA,SADANA,E3/1
GRAHAYANA,SADANA,E3/2
GRAHAYANA,SADANA,E3/3
GRAHAYANA,SADANA,E3/5
GRAHAYANA,SADANA,E3/6
GRAHAYANA,SADANA,E3/7
GRAHAYANA,SADANA,F1/1
GRAHAYANA,SADANA,F1/10
GRAHAYANA,SADANA,F1/11
GRAHAYANA,SADANA,F1/12
GRAHAYANA,SADANA,F1/2
GRAHAYANA,SADANA,F1/3
GRAHAYANA,SADANA,F1/5
GRAHAYANA,SADANA,F1/6
GRAHAYANA,SADANA,F1/7
GRAHAYANA,SADANA,F1/8
GRAHAYANA,SADANA,F1/9
GRAHAYANA,SADANA,F2/1
GRAHAYANA,SADANA,F2/10
GRAHAYANA,SADANA,F2/11
GRAHAYANA,SADANA,F2/12
GRAHAYANA,SADANA,F2/15
GRAHAYANA,SADANA,F2/2
GRAHAYANA,SADANA,F2/3
GRAHAYANA,SADANA,F2/5
GRAHAYANA,SADANA,F2/6
GRAHAYANA,SADANA,F2/7
GRAHAYANA,SADANA,F2/8
GRAHAYANA,SADANA,F2/9
GRAHAYANA,SADANA,F3/1
GRAHAYANA,SADANA,F3/10
GRAHAYANA,SADANA,F3/11
GRAHAYANA,SADANA,F3/12
GRAHAYANA,SADANA,F3/15
GRAHAYANA,SADANA,F3/16
GRAHAYANA,SADANA,F3/17
GRAHAYANA,SADANA,F3/2
GRAHAYANA,SADANA,F3/3
GRAHAYANA,SADANA,F3/5
GRAHAYANA,SADANA,F3/6
GRAHAYANA,SADANA,F3/7
GRAHAYANA,SADANA,F3/8
GRAHAYANA,SADANA,F3/9
GRAHAYANA,SADANA,G1/1
GRAHAYANA,SADANA,G9/10
GRAHAYANA,SADANA,G9/11
GRAHAYANA,SADANA,G9/12
GRAHAYANA,SADANA,G9/15
GRAHAYANA,SADANA,G9/16
GRAHAYANA,SADANA,G9/17
GRAHAYANA,SADANA,G9/18
GRAHAYANA,SADANA,G9/19
GRAHAYANA,SADANA,G9/20
GRAHAYANA,SADANA,G9/21
GRAHAYANA,SADANA,G9/22
GRAHAYANA,SADANA,G9/23
GRAHAYANA,SADANA,G9/25
GRAHAYANA,SADANA,G9/3
GRAHAYANA,SADANA,G9/5
GRAHAYANA,SADANA,G9/6
GRAHAYANA,SADANA,G9/7
GRAHAYANA,SADANA,G9/8
GRAHAYANA,SADANA,G9/9
GRAHAYANA HOMES,ALAYA,D/03
GRAHAYANA HOMES,ALAYA,L/20
GRAHAYANA HOMES,ALAYA,L/21
GRAHAYANA HOMES,ALAYA,L/22
GRAHAYANA HOMES,ALAYA,L/23
GRAHAYANA HOMES,ALAYA,L/25
GRAHAYANA HOMES,ALAYA,L/26
GRAHAYANA HOMES,ALAYA,L/27
GRAHAYANA HOMES,ALAYA,L/28
GRAHAYANA HOMES,ALAYA,L/29
GRAHAYANA HOMES,ALAYA,L/30
GRAHAYANA HOMES,ALAYA,L/31
GRAHAYANA HOMES,ALAYA,L/32
GRAHAYANA HOMES,ALAYA,L/33
GRAHAYANA HOMES,ALAYA,L/35
GRAHAYANA HOMES,ALAYA,L/36
GRAHAYANA HOMES,ALAYA,M/01
GRAHAYANA HOMES,ALAYA,M/02
GRAHAYANA HOMES,ALAYA,M/03
GRAHAYANA HOMES,ALAYA,M/05
GRAHAYANA HOMES,ALAYA,M/06
GRAHAYANA HOMES,ALAYA,M/07
GRAHAYANA HOMES,ALAYA,M/08
GRAHAYANA HOMES,ALAYA,M/09
GRAHAYANA HOMES,ALAYA,M/10
GRAHAYANA HOMES,ALAYA,M/11
GRAHAYANA HOMES,ALAYA,M/12
GRAHAYANA HOMES,ALAYA,M/15
GRAHAYANA HOMES,ALAYA,M/16
GRAHAYANA HOMES,ALAYA,M/17
GRAHAYANA HOMES,ALAYA,M/18
GRAHAYANA HOMES,ALAYA,M/19
GRAHAYANA HOMES,ALAYA,M/20
GRAHAYANA HOMES,ALAYA,M/21
GRAHAYANA HOMES,ALAYA,M/22
GRAHAYANA HOMES,ALAYA,M/23
GRAHAYANA HOMES,ALAYA,M/25
GRAHAYANA HOMES,ALAYA,M/26
GRAHAYANA HOMES,ALAYA,M/27
GRAHAYANA HOMES,ALAYA,N/01
GRAHAYANA HOMES,ALAYA,N/02
GRAHAYANA HOMES,ALAYA,N/03
GRAHAYANA HOMES,ALAYA,N/05
GRAHAYANA HOMES,ALAYA,N/06
GRAHAYANA HOMES,ALAYA,N/07
GRAHAYANA HOMES,ALAYA,N/08
GRAHAYANA HOMES,ALAYA,N/09
GRAHAYANA HOMES,ALAYA,N/10
GRAHAYANA HOMES,ALAYA,N/11
GRAHAYANA HOMES,ALAYA,N/12
GRAHAYANA HOMES,ALAYA,N/15
GRAHAYANA HOMES,ALAYA,N/16
GRAHAYANA HOMES,ALAYA,N/17
GRAHAYANA HOMES,ALAYA,N/18
GRAHAYANA HOMES,ALAYA,N/19
GRAHAYANA HOMES,ALAYA,N/20
GRAHAYANA HOMES,ALAYA,N/21
GRAHAYANA HOMES,ALAYA,N/22
GRAHAYANA HOMES,ALAYA,N/23
GRAHAYANA HOMES,ALAYA,N/25
GRAHAYANA HOMES,ALAYA,N/26
GRAHAYANA HOMES,ALAYA,N/27
GRAHAYANA HOMES,ALAYA,N/28
GRAHAYANA HOMES,ALAYA,N/29
GRAHAYANA HOMES,ALAYA,O/01
GRAHAYANA HOMES,ALAYA,O/02
GRAHAYANA HOMES,ALAYA,O/03
GRAHAYANA HOMES,ALAYA,O/05
GRAHAYANA HOMES,ALAYA,O/06
GRAHAYANA HOMES,ALAYA,O/07
GRAHAYANA HOMES,ALAYA,O/08
GRAHAYANA HOMES,ALAYA,O/09
GRAHAYANA HOMES,ALAYA,O/10
GRAHAYANA HOMES,ALAYA,O/11
GRAHAYANA HOMES,ALAYA,O/12
GRAHAYANA HOMES,ALAYA,O/15
GRAHAYANA HOMES,ALAYA,O/16
GRAHAYANA HOMES,ALAYA,O/17
GRAHAYANA HOMES,ALAYA,O/18
GRAHAYANA HOMES,ALAYA,O/19
GRAHAYANA HOMES,ALAYA,O/20
GRAHAYANA HOMES,DE TERRACE,A/01
GRAHAYANA HOMES,DE TERRACE,A/02
GRAHAYANA HOMES,DE TERRACE,A/03
GRAHAYANA HOMES,DE TERRACE,A/05
GRAHAYANA HOMES,DE TERRACE,A/06
GRAHAYANA HOMES,DE TERRACE,A/07
GRAHAYANA HOMES,DE TERRACE,A/08
GRAHAYANA HOMES,DE TERRACE,A/09
GRAHAYANA HOMES,DE TERRACE,A/10
GRAHAYANA HOMES,DE TERRACE,A/11
GRAHAYANA HOMES,DE TERRACE,A/12
GRAHAYANA HOMES,DE TERRACE,A/15
GRAHAYANA HOMES,DE TERRACE,A/16
GRAHAYANA HOMES,DE TERRACE,A/17
GRAHAYANA HOMES,DE TERRACE,A/18
GRAHAYANA HOMES,DE TERRACE,A/19
GRAHAYANA HOMES,DE TERRACE,A/20
GRAHAYANA HOMES,DE TERRACE,A/21
GRAHAYANA HOMES,DE TERRACE,A/22
GRAHAYANA HOMES,DE TERRACE,A/23
GRAHAYANA HOMES,DE TERRACE,A/25
GRAHAYANA HOMES,DE TERRACE,A/26
GRAHAYANA HOMES,DE TERRACE,A/27
GRAHAYANA HOMES,DE TERRACE,A/28
GRAHAYANA HOMES,DE TERRACE,B/01
GRAHAYANA HOMES,DE TERRACE,B/02
GRAHAYANA HOMES,DE TERRACE,B/03
GRAHAYANA HOMES,DE TERRACE,B/05
GRAHAYANA HOMES,DE TERRACE,B/06
GRAHAYANA HOMES,DE TERRACE,B/07
GRAHAYANA HOMES,DE TERRACE,B/08
GRAHAYANA HOMES,DE TERRACE,B/09
GRAHAYANA HOMES,DE TERRACE,B/10
GRAHAYANA HOMES,DE TERRACE,B/11
GRAHAYANA HOMES,DE TERRACE,B/12
GRAHAYANA HOMES,DE TERRACE,B/15
GRAHAYANA HOMES,DE TERRACE,B/16
GRAHAYANA HOMES,DE TERRACE,B/17
GRAHAYANA HOMES,DE TERRACE,B/18
GRAHAYANA HOMES,DE TERRACE,B/19
GRAHAYANA HOMES,DE TERRACE,B/20
GRAHAYANA HOMES,DE TERRACE,B/21
GRAHAYANA HOMES,DE TERRACE,B/22
GRAHAYANA HOMES,DE TERRACE,B/23
GRAHAYANA HOMES,DE TERRACE,B/25
GRAHAYANA HOMES,DE TERRACE,B/26
GRAHAYANA HOMES,DE TERRACE,B/27
GRAHAYANA HOMES,DE TERRACE,P/01
GRAHAYANA HOMES,DE TERRACE,P/02
GRAHAYANA HOMES,DE TERRACE,P/03
GRAHAYANA HOMES,DE TERRACE,P/05
GRAHAYANA HOMES,DE TERRACE,P/06
GRAHAYANA HOMES,DE TERRACE,P/07
GRAHAYANA HOMES,DE TERRACE,P/08
GRAHAYANA HOMES,DE TERRACE,P/09
GRAHAYANA HOMES,DE TERRACE,P/10
GRAHAYANA HOMES,DE TERRACE,P/11
GRAHAYANA HOMES,DE TERRACE,P/12
GRAHAYANA HOMES,DE TERRACE,P/15
GRAHAYANA HOMES,DE TERRACE,P/16
GRAHAYANA HOMES,DENAYA,C/18
GRAHAYANA HOMES,DENAYA,D/02
GRAHAYANA HOMES,DENAYA,D/12
GRAHAYANA HOMES,DENAYA,D/15
GRAHAYANA HOMES,DENAYA,D/16
GRAHAYANA HOMES,DENAYA,G/01
GRAHAYANA HOMES,DENAYA,G/02
GRAHAYANA HOMES,DENAYA,G/03
GRAHAYANA HOMES,DENAYA,G/05
GRAHAYANA HOMES,DENAYA,G/06
GRAHAYANA HOMES,DENAYA,G/07
GRAHAYANA HOMES,DENAYA,G/08
GRAHAYANA HOMES,DENAYA,G/09
GRAHAYANA HOMES,DENAYA,G/10
GRAHAYANA HOMES,DENAYA,G/11
GRAHAYANA HOMES,DENAYA,G/12
GRAHAYANA HOMES,DENAYA,G/15
GRAHAYANA HOMES,DENAYA,G/16
GRAHAYANA HOMES,DENAYA,G/17
GRAHAYANA HOMES,DENAYA,G/18
GRAHAYANA HOMES,DENAYA,H/01
GRAHAYANA HOMES,DENAYA,H/02
GRAHAYANA HOMES,DENAYA,H/03
GRAHAYANA HOMES,DENAYA,H/05
GRAHAYANA HOMES,DENAYA,H/06
GRAHAYANA HOMES,DENAYA,H/07
GRAHAYANA HOMES,DENAYA,H/08
GRAHAYANA HOMES,DENAYA,H/09
GRAHAYANA HOMES,DENAYA,H/10
GRAHAYANA HOMES,DENAYA,H/11
GRAHAYANA HOMES,DENAYA,H/12
GRAHAYANA HOMES,DENAYA,H/15
GRAHAYANA HOMES,DENAYA,H/16
GRAHAYANA HOMES,DENAYA,H/17
GRAHAYANA HOMES,DENAYA,H/18
GRAHAYANA HOMES,DENAYA,H/19
GRAHAYANA HOMES,DENAYA,H/20
GRAHAYANA HOMES,DENAYA,H/21
GRAHAYANA HOMES,DENAYA,H/22
GRAHAYANA HOMES,DENAYA,H/23
GRAHAYANA HOMES,DENAYA,H/25
GRAHAYANA HOMES,DENAYA,H/26
GRAHAYANA HOMES,DENAYA,H/27
GRAHAYANA HOMES,DENAYA,H/28
GRAHAYANA HOMES,DENAYA,H/29
GRAHAYANA HOMES,DENAYA,H/30
GRAHAYANA HOMES,DENAYA,H/31
GRAHAYANA HOMES,DENAYA,H/32
GRAHAYANA HOMES,DENAYA,H/33
GRAHAYANA HOMES,DENAYA,H/35
GRAHAYANA HOMES,DENAYA,H/36
GRAHAYANA HOMES,DENAYA,H/37
GRAHAYANA HOMES,DENAYA,H/38
GRAHAYANA HOMES,DENAYA,H/39
GRAHAYANA HOMES,DENAYA,H/50
GRAHAYANA HOMES,DENAYA,H/51
GRAHAYANA HOMES,DENAYA,H/52
GRAHAYANA HOMES,DENAYA,H/53
GRAHAYANA HOMES,DENAYA,H/55
GRAHAYANA HOMES,DENAYA,I/01
GRAHAYANA HOMES,DENAYA,I/02
GRAHAYANA HOMES,DENAYA,I/03
GRAHAYANA HOMES,DENAYA,I/05
GRAHAYANA HOMES,DENAYA,I/06
GRAHAYANA HOMES,DENAYA,I/07
GRAHAYANA HOMES,DENAYA,I/08
GRAHAYANA HOMES,DENAYA,I/09
GRAHAYANA HOMES,DENAYA,I/10
GRAHAYANA HOMES,DENAYA,J/01
GRAHAYANA HOMES,DENAYA,J/02
GRAHAYANA HOMES,DENAYA,J/03
GRAHAYANA HOMES,DENAYA,J/05
GRAHAYANA HOMES,DENAYA,J/06
GRAHAYANA HOMES,DENAYA,J/07
GRAHAYANA HOMES,DENAYA,J/08
GRAHAYANA HOMES,DENAYA,J/09
GRAHAYANA HOMES,DENAYA,J/10
GRAHAYANA HOMES,DENAYA,J/11
GRAHAYANA HOMES,DENAYA,J/12
GRAHAYANA HOMES,DENAYA,J/15
GRAHAYANA HOMES,DENAYA,J/16
GRAHAYANA HOMES,DENAYA,J/17
GRAHAYANA HOMES,DENAYA,J/18
GRAHAYANA HOMES,DENAYA,J/19
GRAHAYANA HOMES,DENAYA,J/20
GRAHAYANA HOMES,DENAYA,J/21
GRAHAYANA HOMES,DENAYA,J/22
GRAHAYANA HOMES,DENAYA,J/23
GRAHAYANA HOMES,DENAYA,J/25
GRAHAYANA HOMES,DENAYA,J/26
GRAHAYANA HOMES,DENAYA,J/27
GRAHAYANA HOMES,DENAYA,J/28
GRAHAYANA HOMES,DENAYA,J/29
GRAHAYANA HOMES,DENAYA,J/30
GRAHAYANA HOMES,DENAYA,J/31
GRAHAYANA HOMES,DENAYA,J/32
GRAHAYANA HOMES,DENAYA,J/33
GRAHAYANA HOMES,DENAYA,J/35
GRAHAYANA HOMES,DENAYA,J/36
GRAHAYANA HOMES,DENAYA,J/37
GRAHAYANA HOMES,DENAYA,J/38
GRAHAYANA HOMES,DENAYA,J/39
GRAHAYANA HOMES,DENAYA,J/50
GRAHAYANA HOMES,DENAYA,K/01
GRAHAYANA HOMES,DENAYA,K/02
GRAHAYANA HOMES,DENAYA,K/03
GRAHAYANA HOMES,DENAYA,K/05
GRAHAYANA HOMES,DENAYA,K/06
GRAHAYANA HOMES,DENAYA,K/07
GRAHAYANA HOMES,DENAYA,K/08
GRAHAYANA HOMES,DENAYA,K/09
GRAHAYANA HOMES,DENAYA,K/10
GRAHAYANA HOMES,DENAYA,K/11
GRAHAYANA HOMES,DENAYA,K/12
GRAHAYANA HOMES,DENAYA,K/15
GRAHAYANA HOMES,DENAYA,K/16
GRAHAYANA HOMES,DENAYA,K/17
GRAHAYANA HOMES,DENAYA,K/18
GRAHAYANA HOMES,DENAYA,K/19
GRAHAYANA HOMES,DENAYA,K/20
GRAHAYANA HOMES,DENAYA,K/21
GRAHAYANA HOMES,DENAYA,K/22
GRAHAYANA HOMES,DENAYA,L/01
GRAHAYANA HOMES,DENAYA,L/02
GRAHAYANA HOMES,DENAYA,L/03
GRAHAYANA HOMES,DENAYA,L/05
GRAHAYANA HOMES,DENAYA,L/06
GRAHAYANA HOMES,DENAYA,L/07
GRAHAYANA HOMES,DENAYA,L/08
GRAHAYANA HOMES,DENAYA,L/09
GRAHAYANA HOMES,DENAYA,L/10
GRAHAYANA HOMES,DENAYA,L/11
GRAHAYANA HOMES,DENAYA,L/12
GRAHAYANA HOMES,DENAYA,L/15
GRAHAYANA HOMES,DENAYA,L/16
GRAHAYANA HOMES,DENAYA,L/17
GRAHAYANA HOMES,DENAYA,L/18
GRAHAYANA HOMES,DENAYA,L/19
GRAHAYANA HOMES,KAANTI,C/01
GRAHAYANA HOMES,KAANTI,C/02
GRAHAYANA HOMES,KAANTI,C/03
GRAHAYANA HOMES,KAANTI,C/05
GRAHAYANA HOMES,KAANTI,C/06
GRAHAYANA HOMES,KAANTI,C/07
GRAHAYANA HOMES,KAANTI,C/08
GRAHAYANA HOMES,KAANTI,C/09
GRAHAYANA HOMES,KAANTI,C/10
GRAHAYANA HOMES,KAANTI,C/11
GRAHAYANA HOMES,KAANTI,C/12
GRAHAYANA HOMES,KAANTI,C/15
GRAHAYANA HOMES,KAANTI,C/16
GRAHAYANA HOMES,KAANTI,C/17
GRAHAYANA HOMES,KAANTI,D/01
GRAHAYANA HOMES,KAANTI,D/05
GRAHAYANA HOMES,KAANTI,D/06
GRAHAYANA HOMES,KAANTI,D/07
GRAHAYANA HOMES,KAANTI,D/08
GRAHAYANA HOMES,KAANTI,D/09
GRAHAYANA HOMES,KAANTI,D/10
GRAHAYANA HOMES,KAANTI,D/11
GRAHAYANA HOMES,KAANTI,E/01
GRAHAYANA HOMES,KAANTI,E/02
GRAHAYANA HOMES,KAANTI,E/03
GRAHAYANA HOMES,KAANTI,E/05
GRAHAYANA HOMES,KAANTI,E/06
GRAHAYANA HOMES,KAANTI,E/07
GRAHAYANA HOMES,KAANTI,E/08
GRAHAYANA HOMES,KAANTI,E/09
GRAHAYANA HOMES,KAANTI,E/10
GRAHAYANA HOMES,KAANTI,E/11
GRAHAYANA HOMES,KAANTI,E/12
GRAHAYANA HOMES,KAANTI,E/15
GRAHAYANA HOMES,KAANTI,E/16
GRAHAYANA HOMES,KAANTI,E/17
GRAHAYANA HOMES,KAANTI,E/18
GRAHAYANA HOMES,KAANTI,E/19
GRAHAYANA HOMES,KAANTI,F/01
GRAHAYANA HOMES,KAANTI,F/02
GRAHAYANA HOMES,KAANTI,F/03
GRAHAYANA HOMES,KAANTI,F/05
GRAHAYANA HOMES,KAANTI,F/06
GRAHAYANA HOMES,KAANTI,F/07
GRAHAYANA HOMES,KAANTI,F/08
GRAHAYANA HOMES,KAANTI,F/09
GRAHAYANA HOMES,KAANTI,F/10
GRAHAYANA HOMES,KAANTI,F/11
GRAHAYANA HOMES,KAANTI,F/12
GRAHAYANA HOMES,KAANTI,F/15
GRAHAYANA HOMES,KAANTI,F/16
GRAHAYANA HOMES,KAANTI,F/17
GRAHAYANA HOMES,KAANTI,F/18
GRAHAYANA HOMES,KAANTI,F/19
GRAHAYANA HOMES,KAANTI,F/20
GRAHAYANA HOMES,KAANTI,F/21
GRAHAYANA HOMES,KAANTI,F/22
GRAHAYANA HOMES,KAANTI,F/23
GRAHAYANA HOMES,KAANTI,F/25
GRAHAYANA HOMES,KAANTI,F/26
GRAHAYANA HOMES,KAANTI,F/27
GRAHAYANA HOMES,KAANTI,F/28
GRAHAYANA HOMES,KAANTI,F/29
GRAHAYANA HOMES,KAANTI,F/30
GRAHAYANA HOMES,KAANTI,F/31
GRAHAYANA HOMES,KAANTI,F/32
GRAHAYANA HOMES,KAANTI,F/33
GRAHAYANA HOMES,KAANTI,F/35
GRAHAYANA HOMES,KAANTI,F/36
KGV3,CATTAPA,L10/1
KGV3,CATTAPA,L10/10
KGV3,CATTAPA,L10/11
KGV3,CATTAPA,L10/12
KGV3,CATTAPA,L10/15
KGV3,CATTAPA,L10/16
KGV3,CATTAPA,L10/17
KGV3,CATTAPA,L10/18
KGV3,CATTAPA,L10/19
KGV3,CATTAPA,L10/2
KGV3,CATTAPA,L10/20
KGV3,CATTAPA,L10/21
KGV3,CATTAPA,L10/22
KGV3,CATTAPA,L10/23
KGV3,CATTAPA,L10/25
KGV3,CATTAPA,L10/26
KGV3,CATTAPA,L10/27
KGV3,CATTAPA,L10/28
KGV3,CATTAPA,L10/3
KGV3,CATTAPA,L10/5
KGV3,CATTAPA,L10/6
KGV3,CATTAPA,L10/7
KGV3,CATTAPA,L10/8
KGV3,CATTAPA,L10/9
KGV3,CATTAPA,L5/1
KGV3,CATTAPA,L5/10
KGV3,CATTAPA,L5/11
KGV3,CATTAPA,L5/12
KGV3,CATTAPA,L5/15
KGV3,CATTAPA,L5/16
KGV3,CATTAPA,L5/17
KGV3,CATTAPA,L5/18
KGV3,CATTAPA,L5/19
KGV3,CATTAPA,L5/2
KGV3,CATTAPA,L5/20
KGV3,CATTAPA,L5/21
KGV3,CATTAPA,L5/22
KGV3,CATTAPA,L5/23
KGV3,CATTAPA,L5/25
KGV3,CATTAPA,L5/26
KGV3,CATTAPA,L5/27
KGV3,CATTAPA,L5/28
KGV3,CATTAPA,L5/29
KGV3,CATTAPA,L5/3
KGV3,CATTAPA,L5/30
KGV3,CATTAPA,L5/31
KGV3,CATTAPA,L5/32
KGV3,CATTAPA,L5/5
KGV3,CATTAPA,L5/6
KGV3,CATTAPA,L5/7
KGV3,CATTAPA,L5/8
KGV3,CATTAPA,L5/9
KGV3,CATTAPA,L6/1
KGV3,CATTAPA,L6/10
KGV3,CATTAPA,L6/11
KGV3,CATTAPA,L6/12
KGV3,CATTAPA,L6/15
KGV3,CATTAPA,L6/16
KGV3,CATTAPA,L6/17
KGV3,CATTAPA,L6/18
KGV3,CATTAPA,L6/19
KGV3,CATTAPA,L6/2
KGV3,CATTAPA,L6/20
KGV3,CATTAPA,L6/21
KGV3,CATTAPA,L6/22
KGV3,CATTAPA,L6/23
KGV3,CATTAPA,L6/25
KGV3,CATTAPA,L6/26
KGV3,CATTAPA,L6/27
KGV3,CATTAPA,L6/28
KGV3,CATTAPA,L6/29
KGV3,CATTAPA,L6/3
KGV3,CATTAPA,L6/30
KGV3,CATTAPA,L6/31
KGV3,CATTAPA,L6/32
KGV3,CATTAPA,L6/33
KGV3,CATTAPA,L6/35
KGV3,CATTAPA,L6/5
KGV3,CATTAPA,L6/6
KGV3,CATTAPA,L6/7
KGV3,CATTAPA,L6/8
KGV3,CATTAPA,L6/9
KGV3,CATTAPA,L9/1
KGV3,CATTAPA,L9/10
KGV3,CATTAPA,L9/11
KGV3,CATTAPA,L9/12
KGV3,CATTAPA,L9/15
KGV3,CATTAPA,L9/16
KGV3,CATTAPA,L9/17
KGV3,CATTAPA,L9/18
KGV3,CATTAPA,L9/19
KGV3,CATTAPA,L9/2
KGV3,CATTAPA,L9/20
KGV3,CATTAPA,L9/21
KGV3,CATTAPA,L9/22
KGV3,CATTAPA,L9/23
KGV3,CATTAPA,L9/25
KGV3,CATTAPA,L9/26
KGV3,CATTAPA,L9/27
KGV3,CATTAPA,L9/28
KGV3,CATTAPA,L9/29
KGV3,CATTAPA,L9/3
KGV3,CATTAPA,L9/30
KGV3,CATTAPA,L9/31
KGV3,CATTAPA,L9/32
KGV3,CATTAPA,L9/5
KGV3,CATTAPA,L9/6
KGV3,CATTAPA,L9/7
KGV3,CATTAPA,L9/8
KGV3,CATTAPA,L9/9
KGV3,CATTAPA,M10/1
KGV3,CATTAPA,M10/10
KGV3,CATTAPA,M10/11
KGV3,CATTAPA,M10/12
KGV3,CATTAPA,M10/15
KGV3,CATTAPA,M10/16
KGV3,CATTAPA,M10/17
KGV3,CATTAPA,M10/18
KGV3,CATTAPA,M10/19
KGV3,CATTAPA,M10/2
KGV3,CATTAPA,M10/20
KGV3,CATTAPA,M10/21
KGV3,CATTAPA,M10/22
KGV3,CATTAPA,M10/26
KGV3,CATTAPA,M10/27
KGV3,CATTAPA,M10/28
KGV3,CATTAPA,M10/29
KGV3,CATTAPA,M10/3
KGV3,CATTAPA,M10/30
KGV3,CATTAPA,M10/31
KGV3,CATTAPA,M10/32
KGV3,CATTAPA,M10/33
KGV3,CATTAPA,M10/35
KGV3,CATTAPA,M10/36
KGV3,CATTAPA,M10/37
KGV3,CATTAPA,M10/38
KGV3,CATTAPA,M10/39
KGV3,CATTAPA,M10/5
KGV3,CATTAPA,M10/50
KGV3,CATTAPA,M10/51
KGV3,CATTAPA,M10/52
KGV3,CATTAPA,M10/53
KGV3,CATTAPA,M10/55
KGV3,CATTAPA,M10/56
KGV3,CATTAPA,M10/6
KGV3,CATTAPA,M10/7
KGV3,CATTAPA,M10/8
KGV3,CATTAPA,M10/9
KGV3,CATTAPA,M2/1
KGV3,CATTAPA,M2/10
KGV3,CATTAPA,M2/11
KGV3,CATTAPA,M2/12
KGV3,CATTAPA,M2/15
KGV3,CATTAPA,M2/16
KGV3,CATTAPA,M2/17
KGV3,CATTAPA,M2/18
KGV3,CATTAPA,M2/19
KGV3,CATTAPA,M2/2
KGV3,CATTAPA,M2/20
KGV3,CATTAPA,M2/21
KGV3,CATTAPA,M2/22
KGV3,CATTAPA,M2/23
KGV3,CATTAPA,M2/25
KGV3,CATTAPA,M2/26
KGV3,CATTAPA,M2/27
KGV3,CATTAPA,M2/28
KGV3,CATTAPA,M2/29
KGV3,CATTAPA,M2/3
KGV3,CATTAPA,M2/30
KGV3,CATTAPA,M2/31
KGV3,CATTAPA,M2/32
KGV3,CATTAPA,M2/33
KGV3,CATTAPA,M2/35
KGV3,CATTAPA,M2/36
KGV3,CATTAPA,M2/37
KGV3,CATTAPA,M2/38
KGV3,CATTAPA,M2/39
KGV3,CATTAPA,M2/5
KGV3,CATTAPA,M2/50
KGV3,CATTAPA,M2/51
KGV3,CATTAPA,M2/6
KGV3,CATTAPA,M2/7
KGV3,CATTAPA,M2/8
KGV3,CATTAPA,M2/9
KGV3,CATTAPA,M3/1
KGV3,CATTAPA,M3/10
KGV3,CATTAPA,M3/11
KGV3,CATTAPA,M3/12
KGV3,CATTAPA,M3/15
KGV3,CATTAPA,M3/16
KGV3,CATTAPA,M3/17
KGV3,CATTAPA,M3/18
KGV3,CATTAPA,M3/19
KGV3,CATTAPA,M3/2
KGV3,CATTAPA,M3/20
KGV3,CATTAPA,M3/21
KGV3,CATTAPA,M3/22
KGV3,CATTAPA,M3/23
KGV3,CATTAPA,M3/25
KGV3,CATTAPA,M3/26
KGV3,CATTAPA,M3/27
KGV3,CATTAPA,M3/28
KGV3,CATTAPA,M3/29
KGV3,CATTAPA,M3/3
KGV3,CATTAPA,M3/30
KGV3,CATTAPA,M3/31
KGV3,CATTAPA,M3/32
KGV3,CATTAPA,M3/33
KGV3,CATTAPA,M3/35
KGV3,CATTAPA,M3/36
KGV3,CATTAPA,M3/37
KGV3,CATTAPA,M3/38
KGV3,CATTAPA,M3/39
KGV3,CATTAPA,M3/5
KGV3,CATTAPA,M3/50
KGV3,CATTAPA,M3/51
KGV3,CATTAPA,M3/52
KGV3,CATTAPA,M3/53
KGV3,CATTAPA,M3/55
KGV3,CATTAPA,M3/56
KGV3,CATTAPA,M3/57
KGV3,CATTAPA,M3/58
KGV3,CATTAPA,M3/59
KGV3,CATTAPA,M3/6
KGV3,CATTAPA,M3/60
KGV3,CATTAPA,M3/7
KGV3,CATTAPA,M3/8
KGV3,CATTAPA,M3/9
KGV3,CATTAPA,M5/1
KGV3,CATTAPA,M5/10
KGV3,CATTAPA,M5/11
KGV3,CATTAPA,M5/12
KGV3,CATTAPA,M5/15
KGV3,CATTAPA,M5/16
KGV3,CATTAPA,M5/17
KGV3,CATTAPA,M5/18
KGV3,CATTAPA,M5/19
KGV3,CATTAPA,M5/2
KGV3,CATTAPA,M5/20
KGV3,CATTAPA,M5/21
KGV3,CATTAPA,M5/22
KGV3,CATTAPA,M5/23
KGV3,CATTAPA,M5/25
KGV3,CATTAPA,M5/26
KGV3,CATTAPA,M5/27
KGV3,CATTAPA,M5/28
KGV3,CATTAPA,M5/29
KGV3,CATTAPA,M5/3
KGV3,CATTAPA,M5/30
KGV3,CATTAPA,M5/31
KGV3,CATTAPA,M5/32
KGV3,CATTAPA,M5/33
KGV3,CATTAPA,M5/35
KGV3,CATTAPA,M5/36
KGV3,CATTAPA,M5/37
KGV3,CATTAPA,M5/38
KGV3,CATTAPA,M5/39
KGV3,CATTAPA,M5/5
KGV3,CATTAPA,M5/50
KGV3,CATTAPA,M5/51
KGV3,CATTAPA,M5/52
KGV3,CATTAPA,M5/53
KGV3,CATTAPA,M5/55
KGV3,CATTAPA,M5/56
KGV3,CATTAPA,M5/57
KGV3,CATTAPA,M5/58
KGV3,CATTAPA,M5/59
KGV3,CATTAPA,M5/6
KGV3,CATTAPA,M5/60
KGV3,CATTAPA,M5/61
KGV3,CATTAPA,M5/62
KGV3,CATTAPA,M5/63
KGV3,CATTAPA,M5/65
KGV3,CATTAPA,M5/7
KGV3,CATTAPA,M5/8
KGV3,CATTAPA,M5/9
KGV3,CATTAPA,M6/1
KGV3,CATTAPA,M6/10
KGV3,CATTAPA,M6/11
KGV3,CATTAPA,M6/12
KGV3,CATTAPA,M6/15
KGV3,CATTAPA,M6/16
KGV3,CATTAPA,M6/17
KGV3,CATTAPA,M6/18
KGV3,CATTAPA,M6/19
KGV3,CATTAPA,M6/2
KGV3,CATTAPA,M6/20
KGV3,CATTAPA,M6/21
KGV3,CATTAPA,M6/22
KGV3,CATTAPA,M6/23
KGV3,CATTAPA,M6/25
KGV3,CATTAPA,M6/26
KGV3,CATTAPA,M6/27
KGV3,CATTAPA,M6/28
KGV3,CATTAPA,M6/29
KGV3,CATTAPA,M6/3
KGV3,CATTAPA,M6/30
KGV3,CATTAPA,M6/31
KGV3,CATTAPA,M6/32
KGV3,CATTAPA,M6/33
KGV3,CATTAPA,M6/35
KGV3,CATTAPA,M6/36
KGV3,CATTAPA,M6/37
KGV3,CATTAPA,M6/38
KGV3,CATTAPA,M6/39
KGV3,CATTAPA,M6/5
KGV3,CATTAPA,M6/50
KGV3,CATTAPA,M6/51
KGV3,CATTAPA,M6/52
KGV3,CATTAPA,M6/53
KGV3,CATTAPA,M6/55
KGV3,CATTAPA,M6/56
KGV3,CATTAPA,M6/57
KGV3,CATTAPA,M6/58
KGV3,CATTAPA,M6/59
KGV3,CATTAPA,M6/6
KGV3,CATTAPA,M6/60
KGV3,CATTAPA,M6/7
KGV3,CATTAPA,M6/8
KGV3,CATTAPA,M6/9
KGV3,CATTAPA,M7/1
KGV3,CATTAPA,M7/10
KGV3,CATTAPA,M7/11
KGV3,CATTAPA,M7/12
KGV3,CATTAPA,M7/15
KGV3,CATTAPA,M7/16
KGV3,CATTAPA,M7/17
KGV3,CATTAPA,M7/18
KGV3,CATTAPA,M7/19
KGV3,CATTAPA,M7/2
KGV3,CATTAPA,M7/20
KGV3,CATTAPA,M7/21
KGV3,CATTAPA,M7/22
KGV3,CATTAPA,M7/23
KGV3,CATTAPA,M7/25
KGV3,CATTAPA,M7/26
KGV3,CATTAPA,M7/27
KGV3,CATTAPA,M7/28
KGV3,CATTAPA,M7/29
KGV3,CATTAPA,M7/3
KGV3,CATTAPA,M7/30
KGV3,CATTAPA,M7/31
KGV3,CATTAPA,M7/32
KGV3,CATTAPA,M7/33
KGV3,CATTAPA,M7/35
KGV3,CATTAPA,M7/36
KGV3,CATTAPA,M7/37
KGV3,CATTAPA,M7/38
KGV3,CATTAPA,M7/39
KGV3,CATTAPA,M7/5
KGV3,CATTAPA,M7/50
KGV3,CATTAPA,M7/51
KGV3,CATTAPA,M7/52
KGV3,CATTAPA,M7/53
KGV3,CATTAPA,M7/55
KGV3,CATTAPA,M7/56
KGV3,CATTAPA,M7/57
KGV3,CATTAPA,M7/58
KGV3,CATTAPA,M7/59
KGV3,CATTAPA,M7/6
KGV3,CATTAPA,M7/60
KGV3,CATTAPA,M7/61
KGV3,CATTAPA,M7/62
KGV3,CATTAPA,M7/7
KGV3,CATTAPA,M7/8
KGV3,CATTAPA,M7/9
KGV3,CATTAPA,M9/1
KGV3,CATTAPA,M9/10
KGV3,CATTAPA,M9/11
KGV3,CATTAPA,M9/12
KGV3,CATTAPA,M9/15
KGV3,CATTAPA,M9/16
KGV3,CATTAPA,M9/17
KGV3,CATTAPA,M9/18
KGV3,CATTAPA,M9/19
KGV3,CATTAPA,M9/2
KGV3,CATTAPA,M9/20
KGV3,CATTAPA,M9/21
KGV3,CATTAPA,M9/22
KGV3,CATTAPA,M9/23
KGV3,CATTAPA,M9/25
KGV3,CATTAPA,M9/28
KGV3,CATTAPA,M9/29
KGV3,CATTAPA,M9/3
KGV3,CATTAPA,M9/30
KGV3,CATTAPA,M9/31
KGV3,CATTAPA,M9/32
KGV3,CATTAPA,M9/33
KGV3,CATTAPA,M9/35
KGV3,CATTAPA,M9/36
KGV3,CATTAPA,M9/37
KGV3,CATTAPA,M9/38
KGV3,CATTAPA,M9/39
KGV3,CATTAPA,M9/5
KGV3,CATTAPA,M9/50
KGV3,CATTAPA,M9/51
KGV3,CATTAPA,M9/52
KGV3,CATTAPA,M9/53
KGV3,CATTAPA,M9/55
KGV3,CATTAPA,M9/56
KGV3,CATTAPA,M9/57
KGV3,CATTAPA,M9/58
KGV3,CATTAPA,M9/59
KGV3,CATTAPA,M9/6
KGV3,CATTAPA,M9/60
KGV3,CATTAPA,M9/7
KGV3,CATTAPA,M9/8
KGV3,CATTAPA,M9/9
KGV3,CATTAPA,N7/10
KGV3,CATTAPA,N7/11
KGV3,CATTAPA,N7/12
KGV3,CATTAPA,N7/15
KGV3,CATTAPA,N7/16
KGV3,CATTAPA,N7/17
KGV3,CATTAPA,N7/18
KGV3,CATTAPA,N7/19
KGV3,CATTAPA,N7/2
KGV3,CATTAPA,N7/20
KGV3,CATTAPA,N7/21
KGV3,CATTAPA,N7/22
KGV3,CATTAPA,N7/23
KGV3,CATTAPA,N7/25
KGV3,CATTAPA,N7/26
KGV3,CATTAPA,N7/27
KGV3,CATTAPA,N7/28
KGV3,CATTAPA,N7/29
KGV3,CATTAPA,N7/3
KGV3,CATTAPA,N7/30
KGV3,CATTAPA,N7/31
KGV3,CATTAPA,N7/32
KGV3,CATTAPA,N7/33
KGV3,CATTAPA,N7/35
KGV3,CATTAPA,N7/36
KGV3,CATTAPA,N7/37
KGV3,CATTAPA,N7/38
KGV3,CATTAPA,N7/39
KGV3,CATTAPA,N7/5
KGV3,CATTAPA,N7/50
KGV3,CATTAPA,N7/51
KGV3,CATTAPA,N7/52
KGV3,CATTAPA,N7/6
KGV3,CATTAPA,N7/7
KGV3,CATTAPA,N7/8
KGV3,CATTAPA,N7/9
KGV3,CATTAPA,N8/10
KGV3,CATTAPA,N8/11
KGV3,CATTAPA,N8/12
KGV3,CATTAPA,N8/15
KGV3,CATTAPA,N8/16
KGV3,CATTAPA,N8/17
KGV3,CATTAPA,N8/18
KGV3,CATTAPA,N8/19
KGV3,CATTAPA,N8/2
KGV3,CATTAPA,N8/20
KGV3,CATTAPA,N8/21
KGV3,CATTAPA,N8/22
KGV3,CATTAPA,N8/23
KGV3,CATTAPA,N8/25
KGV3,CATTAPA,N8/26
KGV3,CATTAPA,N8/27
KGV3,CATTAPA,N8/28
KGV3,CATTAPA,N8/29
KGV3,CATTAPA,N8/3
KGV3,CATTAPA,N8/30
KGV3,CATTAPA,N8/31
KGV3,CATTAPA,N8/32
KGV3,CATTAPA,N8/33
KGV3,CATTAPA,N8/35
KGV3,CATTAPA,N8/36
KGV3,CATTAPA,N8/37
KGV3,CATTAPA,N8/38
KGV3,CATTAPA,N8/39
KGV3,CATTAPA,N8/5
KGV3,CATTAPA,N8/50
KGV3,CATTAPA,N8/51
KGV3,CATTAPA,N8/52
KGV3,CATTAPA,N8/6
KGV3,CATTAPA,N8/7
KGV3,CATTAPA,N8/8
KGV3,CATTAPA,N8/9
KGV3,NARRA,K2/1
KGV3,NARRA,K2/10
KGV3,NARRA,K2/11
KGV3,NARRA,K2/2
KGV3,NARRA,K2/3
KGV3,NARRA,K2/5
KGV3,NARRA,K2/6
KGV3,NARRA,K2/7
KGV3,NARRA,K2/8
KGV3,NARRA,K2/9
KGV3,NARRA,K5/1
KGV3,NARRA,K5/10
KGV3,NARRA,K5/11
KGV3,NARRA,K5/12
KGV3,NARRA,K5/15
KGV3,NARRA,K5/16
KGV3,NARRA,K5/17
KGV3,NARRA,K5/18
KGV3,NARRA,K5/19
KGV3,NARRA,K5/2
KGV3,NARRA,K5/20
KGV3,NARRA,K5/21
KGV3,NARRA,K5/22
KGV3,NARRA,K5/23
KGV3,NARRA,K5/25
KGV3,NARRA,K5/26
KGV3,NARRA,K5/27
KGV3,NARRA,K5/28
KGV3,NARRA,K5/29
KGV3,NARRA,K5/3
KGV3,NARRA,K5/30
KGV3,NARRA,K5/31
KGV3,NARRA,K5/32
KGV3,NARRA,K5/33
KGV3,NARRA,K5/35
KGV3,NARRA,K5/36
KGV3,NARRA,K5/37
KGV3,NARRA,K5/38
KGV3,NARRA,K5/39
KGV3,NARRA,K5/5
KGV3,NARRA,K5/50
KGV3,NARRA,K5/6
KGV3,NARRA,K5/7
KGV3,NARRA,K5/8
KGV3,NARRA,K5/9
KGV3,NARRA,K6/1
KGV3,NARRA,K6/2
KGV3,NARRA,K6/3
KGV3,NARRA,K6/5
KGV3,NARRA,L10/29
KGV3,NARRA,L10/30
KGV3,NARRA,L3/1
KGV3,NARRA,L3/10
KGV3,NARRA,L3/11
KGV3,NARRA,L3/12
KGV3,NARRA,L3/15
KGV3,NARRA,L3/16
KGV3,NARRA,L3/17
KGV3,NARRA,L3/18
KGV3,NARRA,L3/19
KGV3,NARRA,L3/2
KGV3,NARRA,L3/20
KGV3,NARRA,L3/21
KGV3,NARRA,L3/22
KGV3,NARRA,L3/23
KGV3,NARRA,L3/25
KGV3,NARRA,L3/26
KGV3,NARRA,L3/27
KGV3,NARRA,L3/28
KGV3,NARRA,L3/29
KGV3,NARRA,L3/3
KGV3,NARRA,L3/5
KGV3,NARRA,L3/6
KGV3,NARRA,L3/7
KGV3,NARRA,L3/8
KGV3,NARRA,L3/9
KGV3,NARRA,L7/1
KGV3,NARRA,L7/10
KGV3,NARRA,L7/11
KGV3,NARRA,L7/12
KGV3,NARRA,L7/15
KGV3,NARRA,L7/16
KGV3,NARRA,L7/17
KGV3,NARRA,L7/18
KGV3,NARRA,L7/19
KGV3,NARRA,L7/2
KGV3,NARRA,L7/20
KGV3,NARRA,L7/21
KGV3,NARRA,L7/22
KGV3,NARRA,L7/23
KGV3,NARRA,L7/25
KGV3,NARRA,L7/3
KGV3,NARRA,L7/5
KGV3,NARRA,L7/6
KGV3,NARRA,L7/7
KGV3,NARRA,L7/8
KGV3,NARRA,L7/9
KGV3,NARRA,L8/1
KGV3,NARRA,L8/10
KGV3,NARRA,L8/11
KGV3,NARRA,L8/12
KGV3,NARRA,L8/15
KGV3,NARRA,L8/16
KGV3,NARRA,L8/17
KGV3,NARRA,L8/18
KGV3,NARRA,L8/19
KGV3,NARRA,L8/2
KGV3,NARRA,L8/20
KGV3,NARRA,L8/3
KGV3,NARRA,L8/5
KGV3,NARRA,L8/6
KGV3,NARRA,L8/7
KGV3,NARRA,L8/8
KGV3,NARRA,L8/9
KGV3,NARRA,M10/23
KGV3,NARRA,M10/25
KGV3,NARRA,M8/1
KGV3,NARRA,M8/10
KGV3,NARRA,M8/11
KGV3,NARRA,M8/12
KGV3,NARRA,M8/15
KGV3,NARRA,M8/16
KGV3,NARRA,M8/17
KGV3,NARRA,M8/18
KGV3,NARRA,M8/19
KGV3,NARRA,M8/2
KGV3,NARRA,M8/20
KGV3,NARRA,M8/21
KGV3,NARRA,M8/22
KGV3,NARRA,M8/23
KGV3,NARRA,M8/25
KGV3,NARRA,M8/26
KGV3,NARRA,M8/27
KGV3,NARRA,M8/28
KGV3,NARRA,M8/29
KGV3,NARRA,M8/3
KGV3,NARRA,M8/30
KGV3,NARRA,M8/31
KGV3,NARRA,M8/32
KGV3,NARRA,M8/33
KGV3,NARRA,M8/35
KGV3,NARRA,M8/36
KGV3,NARRA,M8/37
KGV3,NARRA,M8/38
KGV3,NARRA,M8/39
KGV3,NARRA,M8/5
KGV3,NARRA,M8/50
KGV3,NARRA,M8/51
KGV3,NARRA,M8/52
KGV3,NARRA,M8/53
KGV3,NARRA,M8/6
KGV3,NARRA,M8/7
KGV3,NARRA,M8/8
KGV3,NARRA,M8/9
KGV3,NARRA,M9/26
KGV3,NARRA,M9/27
KGV3,NARRA,N1/1
KGV3,NARRA,N1/10
KGV3,NARRA,N1/11
KGV3,NARRA,N1/12
KGV3,NARRA,N1/15
KGV3,NARRA,N1/16
KGV3,NARRA,N1/17
KGV3,NARRA,N1/18
KGV3,NARRA,N1/19
KGV3,NARRA,N1/2
KGV3,NARRA,N1/20
KGV3,NARRA,N1/21
KGV3,NARRA,N1/22
KGV3,NARRA,N1/23
KGV3,NARRA,N1/25
KGV3,NARRA,N1/26
KGV3,NARRA,N1/27
KGV3,NARRA,N1/28
KGV3,NARRA,N1/29
KGV3,NARRA,N1/3
KGV3,NARRA,N1/30
KGV3,NARRA,N1/31
KGV3,NARRA,N1/32
KGV3,NARRA,N1/5
KGV3,NARRA,N1/6
KGV3,NARRA,N1/7
KGV3,NARRA,N1/8
KGV3,NARRA,N1/9
KGV3,NARRA,N10/1
KGV3,NARRA,N10/10
KGV3,NARRA,N10/11
KGV3,NARRA,N10/12
KGV3,NARRA,N10/15
KGV3,NARRA,N10/16
KGV3,NARRA,N10/17
KGV3,NARRA,N10/18
KGV3,NARRA,N10/19
KGV3,NARRA,N10/2
KGV3,NARRA,N10/3
KGV3,NARRA,N10/5
KGV3,NARRA,N10/6
KGV3,NARRA,N10/7
KGV3,NARRA,N10/8
KGV3,NARRA,N10/9
KGV3,NARRA,N11/1
KGV3,NARRA,N11/2
KGV3,NARRA,N11/3
KGV3,NARRA,N12/1
KGV3,NARRA,N12/2
KGV3,NARRA,N12/3
KGV3,NARRA,N2/1
KGV3,NARRA,N2/10
KGV3,NARRA,N2/11
KGV3,NARRA,N2/12
KGV3,NARRA,N2/15
KGV3,NARRA,N2/16
KGV3,NARRA,N2/17
KGV3,NARRA,N2/18
KGV3,NARRA,N2/19
KGV3,NARRA,N2/2
KGV3,NARRA,N2/20
KGV3,NARRA,N2/21
KGV3,NARRA,N2/22
KGV3,NARRA,N2/23
KGV3,NARRA,N2/25
KGV3,NARRA,N2/26
KGV3,NARRA,N2/27
KGV3,NARRA,N2/28
KGV3,NARRA,N2/29
KGV3,NARRA,N2/3
KGV3,NARRA,N2/30
KGV3,NARRA,N2/31
KGV3,NARRA,N2/32
KGV3,NARRA,N2/5
KGV3,NARRA,N2/6
KGV3,NARRA,N2/7
KGV3,NARRA,N2/8
KGV3,NARRA,N2/9
KGV3,NARRA,N3/1
KGV3,NARRA,N3/10
KGV3,NARRA,N3/11
KGV3,NARRA,N3/12
KGV3,NARRA,N3/15
KGV3,NARRA,N3/16
KGV3,NARRA,N3/17
KGV3,NARRA,N3/18
KGV3,NARRA,N3/19
KGV3,NARRA,N3/2
KGV3,NARRA,N3/20
KGV3,NARRA,N3/21
KGV3,NARRA,N3/22
KGV3,NARRA,N3/23
KGV3,NARRA,N3/25
KGV3,NARRA,N3/26
KGV3,NARRA,N3/27
KGV3,NARRA,N3/28
KGV3,NARRA,N3/29
KGV3,NARRA,N3/3
KGV3,NARRA,N3/30
KGV3,NARRA,N3/31
KGV3,NARRA,N3/32
KGV3,NARRA,N3/33
KGV3,NARRA,N3/35
KGV3,NARRA,N3/5
KGV3,NARRA,N3/6
KGV3,NARRA,N3/7
KGV3,NARRA,N3/8
KGV3,NARRA,N3/9
KGV3,NARRA,N5/1
KGV3,NARRA,N5/10
KGV3,NARRA,N5/11
KGV3,NARRA,N5/12
KGV3,NARRA,N5/15
KGV3,NARRA,N5/16
KGV3,NARRA,N5/17
KGV3,NARRA,N5/18
KGV3,NARRA,N5/19
KGV3,NARRA,N5/2
KGV3,NARRA,N5/20
KGV3,NARRA,N5/21
KGV3,NARRA,N5/22
KGV3,NARRA,N5/23
KGV3,NARRA,N5/25
KGV3,NARRA,N5/26
KGV3,NARRA,N5/27
KGV3,NARRA,N5/28
KGV3,NARRA,N5/29
KGV3,NARRA,N5/3
KGV3,NARRA,N5/30
KGV3,NARRA,N5/31
KGV3,NARRA,N5/32
KGV3,NARRA,N5/33
KGV3,NARRA,N5/35
KGV3,NARRA,N5/36
KGV3,NARRA,N5/37
KGV3,NARRA,N5/38
KGV3,NARRA,N5/5
KGV3,NARRA,N5/6
KGV3,NARRA,N5/7
KGV3,NARRA,N5/8
KGV3,NARRA,N5/9
KGV3,NARRA,N6/1
KGV3,NARRA,N6/10
KGV3,NARRA,N6/11
KGV3,NARRA,N6/12
KGV3,NARRA,N6/15
KGV3,NARRA,N6/16
KGV3,NARRA,N6/17
KGV3,NARRA,N6/18
KGV3,NARRA,N6/19
KGV3,NARRA,N6/2
KGV3,NARRA,N6/20
KGV3,NARRA,N6/21
KGV3,NARRA,N6/22
KGV3,NARRA,N6/23
KGV3,NARRA,N6/25
KGV3,NARRA,N6/26
KGV3,NARRA,N6/27
KGV3,NARRA,N6/28
KGV3,NARRA,N6/29
KGV3,NARRA,N6/3
KGV3,NARRA,N6/30
KGV3,NARRA,N6/31
KGV3,NARRA,N6/32
KGV3,NARRA,N6/33
KGV3,NARRA,N6/35
KGV3,NARRA,N6/36
KGV3,NARRA,N6/37
KGV3,NARRA,N6/38
KGV3,NARRA,N6/39
KGV3,NARRA,N6/5
KGV3,NARRA,N6/50
KGV3,NARRA,N6/51
KGV3,NARRA,N6/6
KGV3,NARRA,N6/7
KGV3,NARRA,N6/8
KGV3,NARRA,N6/9
KGV3,NARRA,N7/1
KGV3,NARRA,N7/53
KGV3,NARRA,N8/1
KGV3,NARRA,N8/53
KGV3,NARRA,N9/1
KGV3,NARRA,N9/10
KGV3,NARRA,N9/11
KGV3,NARRA,N9/12
KGV3,NARRA,N9/15
KGV3,NARRA,N9/16
KGV3,NARRA,N9/17
KGV3,NARRA,N9/18
KGV3,NARRA,N9/19
KGV3,NARRA,N9/2
KGV3,NARRA,N9/20
KGV3,NARRA,N9/21
KGV3,NARRA,N9/22
KGV3,NARRA,N9/23
KGV3,NARRA,N9/25
KGV3,NARRA,N9/26
KGV3,NARRA,N9/27
KGV3,NARRA,N9/28
KGV3,NARRA,N9/29
KGV3,NARRA,N9/3
KGV3,NARRA,N9/30
KGV3,NARRA,N9/31
KGV3,NARRA,N9/32
KGV3,NARRA,N9/33
KGV3,NARRA,N9/35
KGV3,NARRA,N9/36
KGV3,NARRA,N9/37
KGV3,NARRA,N9/38
KGV3,NARRA,N9/39
KGV3,NARRA,N9/5
KGV3,NARRA,N9/50
KGV3,NARRA,N9/6
KGV3,NARRA,N9/7
KGV3,NARRA,N9/8
KGV3,NARRA,N9/9
KGV3,PINEWOOD,D/1
KGV3,PINEWOOD,D/10
KGV3,PINEWOOD,D/11
KGV3,PINEWOOD,D/12
KGV3,PINEWOOD,D/15
KGV3,PINEWOOD,D/16
KGV3,PINEWOOD,D/17
KGV3,PINEWOOD,D/18
KGV3,PINEWOOD,D/19
KGV3,PINEWOOD,D/2
KGV3,PINEWOOD,D/20
KGV3,PINEWOOD,D/21
KGV3,PINEWOOD,D/22
KGV3,PINEWOOD,D/23
KGV3,PINEWOOD,D/25
KGV3,PINEWOOD,D/26
KGV3,PINEWOOD,D/27
KGV3,PINEWOOD,D/28
KGV3,PINEWOOD,D/29
KGV3,PINEWOOD,D/3
KGV3,PINEWOOD,D/30
KGV3,PINEWOOD,D/31
KGV3,PINEWOOD,D/32
KGV3,PINEWOOD,D/5
KGV3,PINEWOOD,D/6
KGV3,PINEWOOD,D/7
KGV3,PINEWOOD,D/8
KGV3,PINEWOOD,D/9
KGV3,PINEWOOD,E/1
KGV3,PINEWOOD,E/10
KGV3,PINEWOOD,E/11
KGV3,PINEWOOD,E/12
KGV3,PINEWOOD,E/15
KGV3,PINEWOOD,E/16
KGV3,PINEWOOD,E/17
KGV3,PINEWOOD,E/18
KGV3,PINEWOOD,E/19
KGV3,PINEWOOD,E/2
KGV3,PINEWOOD,E/20
KGV3,PINEWOOD,E/21
KGV3,PINEWOOD,E/22
KGV3,PINEWOOD,E/23
KGV3,PINEWOOD,E/25
KGV3,PINEWOOD,E/26
KGV3,PINEWOOD,E/27
KGV3,PINEWOOD,E/28
KGV3,PINEWOOD,E/29
KGV3,PINEWOOD,E/3
KGV3,PINEWOOD,E/30
KGV3,PINEWOOD,E/31
KGV3,PINEWOOD,E/32
KGV3,PINEWOOD,E/33
KGV3,PINEWOOD,E/35
KGV3,PINEWOOD,E/36
KGV3,PINEWOOD,E/37
KGV3,PINEWOOD,E/5
KGV3,PINEWOOD,E/6
KGV3,PINEWOOD,E/7
KGV3,PINEWOOD,E/8
KGV3,PINEWOOD,E/9
KGV3,PINEWOOD,G/1
KGV3,PINEWOOD,G/10
KGV3,PINEWOOD,G/11
KGV3,PINEWOOD,G/12
KGV3,PINEWOOD,G/15
KGV3,PINEWOOD,G/16
KGV3,PINEWOOD,G/17
KGV3,PINEWOOD,G/18
KGV3,PINEWOOD,G/19
KGV3,PINEWOOD,G/2
KGV3,PINEWOOD,G/20
KGV3,PINEWOOD,G/21
KGV3,PINEWOOD,G/22
KGV3,PINEWOOD,G/23
KGV3,PINEWOOD,G/25
KGV3,PINEWOOD,G/26
KGV3,PINEWOOD,G/27
KGV3,PINEWOOD,G/28
KGV3,PINEWOOD,G/29
KGV3,PINEWOOD,G/3
KGV3,PINEWOOD,G/30
KGV3,PINEWOOD,G/31
KGV3,PINEWOOD,G/32
KGV3,PINEWOOD,G/33
KGV3,PINEWOOD,G/35
KGV3,PINEWOOD,G/36
KGV3,PINEWOOD,G/37
KGV3,PINEWOOD,G/5
KGV3,PINEWOOD,G/6
KGV3,PINEWOOD,G/7
KGV3,PINEWOOD,G/8
KGV3,PINEWOOD,G/9
KGV3,PINEWOOD,H/1
KGV3,PINEWOOD,H/10
KGV3,PINEWOOD,H/11
KGV3,PINEWOOD,H/12
KGV3,PINEWOOD,H/15
KGV3,PINEWOOD,H/16
KGV3,PINEWOOD,H/17
KGV3,PINEWOOD,H/18
KGV3,PINEWOOD,H/19
KGV3,PINEWOOD,H/2
KGV3,PINEWOOD,H/20
KGV3,PINEWOOD,H/21
KGV3,PINEWOOD,H/22
KGV3,PINEWOOD,H/23
KGV3,PINEWOOD,H/25
KGV3,PINEWOOD,H/26
KGV3,PINEWOOD,H/27
KGV3,PINEWOOD,H/28
KGV3,PINEWOOD,H/29
KGV3,PINEWOOD,H/3
KGV3,PINEWOOD,H/30
KGV3,PINEWOOD,H/31
KGV3,PINEWOOD,H/32
KGV3,PINEWOOD,H/33
KGV3,PINEWOOD,H/35
KGV3,PINEWOOD,H/36
KGV3,PINEWOOD,H/37
KGV3,PINEWOOD,H/5
KGV3,PINEWOOD,H/6
KGV3,PINEWOOD,H/7
KGV3,PINEWOOD,H/8
KGV3,PINEWOOD,H/9
KGV3,PINEWOOD,I/1
KGV3,PINEWOOD,I/10
KGV3,PINEWOOD,I/11
KGV3,PINEWOOD,I/12
KGV3,PINEWOOD,I/15
KGV3,PINEWOOD,I/16
KGV3,PINEWOOD,I/17
KGV3,PINEWOOD,I/18
KGV3,PINEWOOD,I/19
KGV3,PINEWOOD,I/2
KGV3,PINEWOOD,I/20
KGV3,PINEWOOD,I/21
KGV3,PINEWOOD,I/22
KGV3,PINEWOOD,I/23
KGV3,PINEWOOD,I/25
KGV3,PINEWOOD,I/26
KGV3,PINEWOOD,I/27
KGV3,PINEWOOD,I/28
KGV3,PINEWOOD,I/29
KGV3,PINEWOOD,I/3
KGV3,PINEWOOD,I/30
KGV3,PINEWOOD,I/31
KGV3,PINEWOOD,I/32
KGV3,PINEWOOD,I/33
KGV3,PINEWOOD,I/35
KGV3,PINEWOOD,I/36
KGV3,PINEWOOD,I/37
KGV3,PINEWOOD,I/5
KGV3,PINEWOOD,I/6
KGV3,PINEWOOD,I/7
KGV3,PINEWOOD,I/8
KGV3,PINEWOOD,I/9
KGV3,PINEWOOD,J/1
KGV3,PINEWOOD,J/10
KGV3,PINEWOOD,J/11
KGV3,PINEWOOD,J/12
KGV3,PINEWOOD,J/15
KGV3,PINEWOOD,J/16
KGV3,PINEWOOD,J/17
KGV3,PINEWOOD,J/18
KGV3,PINEWOOD,J/19
KGV3,PINEWOOD,J/2
KGV3,PINEWOOD,J/20
KGV3,PINEWOOD,J/21
KGV3,PINEWOOD,J/22
KGV3,PINEWOOD,J/23
KGV3,PINEWOOD,J/25
KGV3,PINEWOOD,J/26
KGV3,PINEWOOD,J/27
KGV3,PINEWOOD,J/28
KGV3,PINEWOOD,J/29
KGV3,PINEWOOD,J/3
KGV3,PINEWOOD,J/30
KGV3,PINEWOOD,J/31
KGV3,PINEWOOD,J/32
KGV3,PINEWOOD,J/33
KGV3,PINEWOOD,J/35
KGV3,PINEWOOD,J/36
KGV3,PINEWOOD,J/37
KGV3,PINEWOOD,J/5
KGV3,PINEWOOD,J/6
KGV3,PINEWOOD,J/7
KGV3,PINEWOOD,J/8
KGV3,PINEWOOD,J/9
KGV3,PINEWOOD,K/11
KGV3,PINEWOOD,K/12
KGV3,PINEWOOD,K/15
KGV3,PINEWOOD,K/16
KGV3,PINEWOOD,K/17
KGV3,PINEWOOD,K/18
KGV3,PINEWOOD,K/19
KGV3,PINEWOOD,K/20
KGV3,PINEWOOD,K/21
KGV3,PINEWOOD,K/22
KGV3,PINEWOOD,K/23
KGV3,PINEWOOD,K/25
KGV3,PINEWOOD,K/26
KGV3,PINEWOOD,L/10
KGV3,PINEWOOD,L/11
KGV3,PINEWOOD,L/12
KGV3,PINEWOOD,L/15
KGV3,PINEWOOD,L/16
KGV3,PINEWOOD,L/17
KGV3,PINEWOOD,L/18
KGV3,RUKO,A/1
KGV3,RUKO,A/10
KGV3,RUKO,A/11
KGV3,RUKO,A/12
KGV3,RUKO,A/15
KGV3,RUKO,A/16
KGV3,RUKO,A/17
KGV3,RUKO,A/2
KGV3,RUKO,A/3
KGV3,RUKO,A/5
KGV3,RUKO,A/6
KGV3,RUKO,A/7
KGV3,RUKO,A/8
KGV3,RUKO,A/9
KGV3,RUKO,B/1
KGV3,RUKO,B/10
KGV3,RUKO,B/11
KGV3,RUKO,B/12
KGV3,RUKO,B/15
KGV3,RUKO,B/16
KGV3,RUKO,B/17
KGV3,RUKO,B/18
KGV3,RUKO,B/19
KGV3,RUKO,B/2
KGV3,RUKO,B/20
KGV3,RUKO,B/21
KGV3,RUKO,B/22
KGV3,RUKO,B/23
KGV3,RUKO,B/25
KGV3,RUKO,B/3
KGV3,RUKO,B/5
KGV3,RUKO,B/6
KGV3,RUKO,B/7
KGV3,RUKO,B/8
KGV3,RUKO,B/9
KGV3,SENNA,K1/1
KGV3,SENNA,K1/10
KGV3,SENNA,K1/11
KGV3,SENNA,K1/12
KGV3,SENNA,K1/15
KGV3,SENNA,K1/16
KGV3,SENNA,K1/17
KGV3,SENNA,K1/18
KGV3,SENNA,K1/19
KGV3,SENNA,K1/2
KGV3,SENNA,K1/20
KGV3,SENNA,K1/21
KGV3,SENNA,K1/22
KGV3,SENNA,K1/23
KGV3,SENNA,K1/25
KGV3,SENNA,K1/26
KGV3,SENNA,K1/27
KGV3,SENNA,K1/28
KGV3,SENNA,K1/29
KGV3,SENNA,K1/3
KGV3,SENNA,K1/30
KGV3,SENNA,K1/31
KGV3,SENNA,K1/32
KGV3,SENNA,K1/33
KGV3,SENNA,K1/35
KGV3,SENNA,K1/36
KGV3,SENNA,K1/37
KGV3,SENNA,K1/38
KGV3,SENNA,K1/39
KGV3,SENNA,K1/5
KGV3,SENNA,K1/50
KGV3,SENNA,K1/51
KGV3,SENNA,K1/6
KGV3,SENNA,K1/7
KGV3,SENNA,K1/8
KGV3,SENNA,K1/9
KGV3,SENNA,K3/1
KGV3,SENNA,K3/10
KGV3,SENNA,K3/11
KGV3,SENNA,K3/12
KGV3,SENNA,K3/15
KGV3,SENNA,K3/16
KGV3,SENNA,K3/17
KGV3,SENNA,K3/18
KGV3,SENNA,K3/19
KGV3,SENNA,K3/2
KGV3,SENNA,K3/20
KGV3,SENNA,K3/21
KGV3,SENNA,K3/22
KGV3,SENNA,K3/23
KGV3,SENNA,K3/25
KGV3,SENNA,K3/26
KGV3,SENNA,K3/27
KGV3,SENNA,K3/28
KGV3,SENNA,K3/29
KGV3,SENNA,K3/3
KGV3,SENNA,K3/30
KGV3,SENNA,K3/31
KGV3,SENNA,K3/32
KGV3,SENNA,K3/33
KGV3,SENNA,K3/35
KGV3,SENNA,K3/36
KGV3,SENNA,K3/37
KGV3,SENNA,K3/5
KGV3,SENNA,K3/6
KGV3,SENNA,K3/7
KGV3,SENNA,K3/8
KGV3,SENNA,K3/9
KGV3,SENNA,L1/1
KGV3,SENNA,L1/10
KGV3,SENNA,L1/11
KGV3,SENNA,L1/12
KGV3,SENNA,L1/15
KGV3,SENNA,L1/16
KGV3,SENNA,L1/17
KGV3,SENNA,L1/18
KGV3,SENNA,L1/19
KGV3,SENNA,L1/2
KGV3,SENNA,L1/20
KGV3,SENNA,L1/21
KGV3,SENNA,L1/22
KGV3,SENNA,L1/23
KGV3,SENNA,L1/25
KGV3,SENNA,L1/26
KGV3,SENNA,L1/27
KGV3,SENNA,L1/28
KGV3,SENNA,L1/29
KGV3,SENNA,L1/3
KGV3,SENNA,L1/30
KGV3,SENNA,L1/31
KGV3,SENNA,L1/32
KGV3,SENNA,L1/5
KGV3,SENNA,L1/6
KGV3,SENNA,L1/7
KGV3,SENNA,L1/8
KGV3,SENNA,L1/9
KGV3,SENNA,L2/1
KGV3,SENNA,L2/10
KGV3,SENNA,L2/11
KGV3,SENNA,L2/12
KGV3,SENNA,L2/15
KGV3,SENNA,L2/16
KGV3,SENNA,L2/17
KGV3,SENNA,L2/18
KGV3,SENNA,L2/19
KGV3,SENNA,L2/2
KGV3,SENNA,L2/20
KGV3,SENNA,L2/21
KGV3,SENNA,L2/22
KGV3,SENNA,L2/23
KGV3,SENNA,L2/25
KGV3,SENNA,L2/26
KGV3,SENNA,L2/27
KGV3,SENNA,L2/28
KGV3,SENNA,L2/29
KGV3,SENNA,L2/3
KGV3,SENNA,L2/30
KGV3,SENNA,L2/31
KGV3,SENNA,L2/32
KGV3,SENNA,L2/33
KGV3,SENNA,L2/5
KGV3,SENNA,L2/6
KGV3,SENNA,L2/7
KGV3,SENNA,L2/8
KGV3,SENNA,L2/9
KGV3,SENNA,M1/1
KGV3,SENNA,M1/10
KGV3,SENNA,M1/11
KGV3,SENNA,M1/12
KGV3,SENNA,M1/15
KGV3,SENNA,M1/16
KGV3,SENNA,M1/17
KGV3,SENNA,M1/18
KGV3,SENNA,M1/19
KGV3,SENNA,M1/2
KGV3,SENNA,M1/20
KGV3,SENNA,M1/21
KGV3,SENNA,M1/22
KGV3,SENNA,M1/23
KGV3,SENNA,M1/25
KGV3,SENNA,M1/26
KGV3,SENNA,M1/27
KGV3,SENNA,M1/28
KGV3,SENNA,M1/3
KGV3,SENNA,M1/5
KGV3,SENNA,M1/6
KGV3,SENNA,M1/7
KGV3,SENNA,M1/8
KGV3,SENNA,M1/9
KGV3,TIPE-1,A/1
KGV3,TIPE-1,A/10
KGV3,TIPE-1,A/11
KGV3,TIPE-1,A/12
KGV3,TIPE-1,A/15
KGV3,TIPE-1,A/16
KGV3,TIPE-1,A/17
KGV3,TIPE-1,A/18
KGV3,TIPE-1,A/19
KGV3,TIPE-1,A/2
KGV3,TIPE-1,A/20
KGV3,TIPE-1,A/3
KGV3,TIPE-1,A/5
KGV3,TIPE-1,A/6
KGV3,TIPE-1,A/7
KGV3,TIPE-1,A/8
KGV3,TIPE-1,A/9
KGV3,TIPE-1,C/1
KGV3,TIPE-1,C/10
KGV3,TIPE-1,C/11
KGV3,TIPE-1,C/12
KGV3,TIPE-1,C/16
KGV3,TIPE-1,C/17
KGV3,TIPE-1,C/18
KGV3,TIPE-1,C/19
KGV3,TIPE-1,C/2
KGV3,TIPE-1,C/20
KGV3,TIPE-1,C/21
KGV3,TIPE-1,C/22
KGV3,TIPE-1,C/23
KGV3,TIPE-1,C/25
KGV3,TIPE-1,C/26
KGV3,TIPE-1,C/27
KGV3,TIPE-1,C/28
KGV3,TIPE-1,C/29
KGV3,TIPE-1,C/3
KGV3,TIPE-1,C/30
KGV3,TIPE-1,C/31
KGV3,TIPE-1,C/32
KGV3,TIPE-1,C/33
KGV3,TIPE-1,C/35
KGV3,TIPE-1,C/36
KGV3,TIPE-1,C/37
KGV3,TIPE-1,C/38
KGV3,TIPE-1,C/39
KGV3,TIPE-1,C/5
KGV3,TIPE-1,C/6
KGV3,TIPE-1,C/7
KGV3,TIPE-1,C/8
KGV3,TIPE-1,C/9
KGV3,TIPE-1,D/1
KGV3,TIPE-1,D/10
KGV3,TIPE-1,D/11
KGV3,TIPE-1,D/12
KGV3,TIPE-1,D/15
KGV3,TIPE-1,D/16
KGV3,TIPE-1,D/17
KGV3,TIPE-1,D/18
KGV3,TIPE-1,D/19
KGV3,TIPE-1,D/2
KGV3,TIPE-1,D/20
KGV3,TIPE-1,D/21
KGV3,TIPE-1,D/22
KGV3,TIPE-1,D/23
KGV3,TIPE-1,D/25
KGV3,TIPE-1,D/26
KGV3,TIPE-1,D/27
KGV3,TIPE-1,D/28
KGV3,TIPE-1,D/29
KGV3,TIPE-1,D/3
KGV3,TIPE-1,D/30
KGV3,TIPE-1,D/31
KGV3,TIPE-1,D/32
KGV3,TIPE-1,D/33
KGV3,TIPE-1,D/35
KGV3,TIPE-1,D/5
KGV3,TIPE-1,D/6
KGV3,TIPE-1,D/7
KGV3,TIPE-1,D/8
KGV3,TIPE-1,D/9
KGV3,TIPE-1,E/1
KGV3,TIPE-1,E/10
KGV3,TIPE-1,E/11
KGV3,TIPE-1,E/12
KGV3,TIPE-1,E/15
KGV3,TIPE-1,E/16
KGV3,TIPE-1,E/17
KGV3,TIPE-1,E/18
KGV3,TIPE-1,E/19
KGV3,TIPE-1,E/2
KGV3,TIPE-1,E/20
KGV3,TIPE-1,E/21
KGV3,TIPE-1,E/22
KGV3,TIPE-1,E/23
KGV3,TIPE-1,E/25
KGV3,TIPE-1,E/26
KGV3,TIPE-1,E/27
KGV3,TIPE-1,E/28
KGV3,TIPE-1,E/29
KGV3,TIPE-1,E/3
KGV3,TIPE-1,E/30
KGV3,TIPE-1,E/31
KGV3,TIPE-1,E/32
KGV3,TIPE-1,E/33
KGV3,TIPE-1,E/35
KGV3,TIPE-1,E/5
KGV3,TIPE-1,E/6
KGV3,TIPE-1,E/7
KGV3,TIPE-1,E/8
KGV3,TIPE-1,E/9
KGV3,TIPE-1,F/1
KGV3,TIPE-1,F/10
KGV3,TIPE-1,F/11
KGV3,TIPE-1,F/12
KGV3,TIPE-1,F/15
KGV3,TIPE-1,F/16
KGV3,TIPE-1,F/17
KGV3,TIPE-1,F/18
KGV3,TIPE-1,F/19
KGV3,TIPE-1,F/2
KGV3,TIPE-1,F/20
KGV3,TIPE-1,F/3
KGV3,TIPE-1,F/5
KGV3,TIPE-1,F/6
KGV3,TIPE-1,F/7
KGV3,TIPE-1,F/8
KGV3,TIPE-1,F/9
KGV3,TIPE-1,G/1
KGV3,TIPE-1,G/10
KGV3,TIPE-1,G/11
KGV3,TIPE-1,G/12
KGV3,TIPE-1,G/15
KGV3,TIPE-1,G/16
KGV3,TIPE-1,G/17
KGV3,TIPE-1,G/18
KGV3,TIPE-1,G/19
KGV3,TIPE-1,G/2
KGV3,TIPE-1,G/20
KGV3,TIPE-1,G/21
KGV3,TIPE-1,G/22
KGV3,TIPE-1,G/23
KGV3,TIPE-1,G/25
KGV3,TIPE-1,G/26
KGV3,TIPE-1,G/27
KGV3,TIPE-1,G/28
KGV3,TIPE-1,G/29
KGV3,TIPE-1,G/3
KGV3,TIPE-1,G/30
KGV3,TIPE-1,G/31
KGV3,TIPE-1,G/32
KGV3,TIPE-1,G/33
KGV3,TIPE-1,G/35
KGV3,TIPE-1,G/5
KGV3,TIPE-1,G/6
KGV3,TIPE-1,G/7
KGV3,TIPE-1,G/8
KGV3,TIPE-1,G/9
KGV3,TIPE-1,H/1
KGV3,TIPE-1,H/10
KGV3,TIPE-1,H/11
KGV3,TIPE-1,H/12
KGV3,TIPE-1,H/15
KGV3,TIPE-1,H/16
KGV3,TIPE-1,H/17
KGV3,TIPE-1,H/18
KGV3,TIPE-1,H/19
KGV3,TIPE-1,H/2
KGV3,TIPE-1,H/20
KGV3,TIPE-1,H/21
KGV3,TIPE-1,H/22
KGV3,TIPE-1,H/23
KGV3,TIPE-1,H/25
KGV3,TIPE-1,H/26
KGV3,TIPE-1,H/27
KGV3,TIPE-1,H/28
KGV3,TIPE-1,H/29
KGV3,TIPE-1,H/3
KGV3,TIPE-1,H/30
KGV3,TIPE-1,H/31
KGV3,TIPE-1,H/32
KGV3,TIPE-1,H/33
KGV3,TIPE-1,H/35
KGV3,TIPE-1,H/5
KGV3,TIPE-1,H/6
KGV3,TIPE-1,H/7
KGV3,TIPE-1,H/8
KGV3,TIPE-1,H/9
KGV3,TIPE-1,I/1
KGV3,TIPE-1,I/10
KGV3,TIPE-1,I/11
KGV3,TIPE-1,I/12
KGV3,TIPE-1,I/15
KGV3,TIPE-1,I/16
KGV3,TIPE-1,I/17
KGV3,TIPE-1,I/18
KGV3,TIPE-1,I/19
KGV3,TIPE-1,I/2
KGV3,TIPE-1,I/20
KGV3,TIPE-1,I/21
KGV3,TIPE-1,I/22
KGV3,TIPE-1,I/23
KGV3,TIPE-1,I/25
KGV3,TIPE-1,I/26
KGV3,TIPE-1,I/27
KGV3,TIPE-1,I/28
KGV3,TIPE-1,I/29
KGV3,TIPE-1,I/3
KGV3,TIPE-1,I/30
KGV3,TIPE-1,I/31
KGV3,TIPE-1,I/32
KGV3,TIPE-1,I/33
KGV3,TIPE-1,I/35
KGV3,TIPE-1,I/5
KGV3,TIPE-1,I/6
KGV3,TIPE-1,I/7
KGV3,TIPE-1,I/8
KGV3,TIPE-1,I/9
KGV3,TIPE-1,J/1
KGV3,TIPE-1,J/10
KGV3,TIPE-1,J/11
KGV3,TIPE-1,J/12
KGV3,TIPE-1,J/15
KGV3,TIPE-1,J/16
KGV3,TIPE-1,J/17
KGV3,TIPE-1,J/18
KGV3,TIPE-1,J/19
KGV3,TIPE-1,J/2
KGV3,TIPE-1,J/20
KGV3,TIPE-1,J/21
KGV3,TIPE-1,J/22
KGV3,TIPE-1,J/23
KGV3,TIPE-1,J/25
KGV3,TIPE-1,J/26
KGV3,TIPE-1,J/27
KGV3,TIPE-1,J/28
KGV3,TIPE-1,J/29
KGV3,TIPE-1,J/3
KGV3,TIPE-1,J/30
KGV3,TIPE-1,J/31
KGV3,TIPE-1,J/32
KGV3,TIPE-1,J/5
KGV3,TIPE-1,J/6
KGV3,TIPE-1,J/7
KGV3,TIPE-1,J/8
KGV3,TIPE-1,J/9
KGV3,TIPE-1,K/1
KGV3,TIPE-1,K/10
KGV3,TIPE-1,K/11
KGV3,TIPE-1,K/12
KGV3,TIPE-1,K/15
KGV3,TIPE-1,K/16
KGV3,TIPE-1,K/17
KGV3,TIPE-1,K/18
KGV3,TIPE-1,K/19
KGV3,TIPE-1,K/2
KGV3,TIPE-1,K/20
KGV3,TIPE-1,K/21
KGV3,TIPE-1,K/22
KGV3,TIPE-1,K/23
KGV3,TIPE-1,K/3
KGV3,TIPE-1,K/5
KGV3,TIPE-1,K/6
KGV3,TIPE-1,K/7
KGV3,TIPE-1,K/8
KGV3,TIPE-1,K/9
KGV3,TIPE-1,L/10
KGV3,TIPE-1,L/11
KGV3,TIPE-1,L/12
KGV3,TIPE-1,L/15
KGV3,TIPE-1,L/16
KGV3,TIPE-1,L/17
KGV3,TIPE-1,L/9
KGV3,TIPE-1,M/17
KGV3,TIPE-1,M/18
KGV3,TIPE-1,M/19
KGV3,TIPE-1,M/20
KGV3,TIPE-1,M/21
KGV3,TIPE-1,M/22
KGV3,TIPE-1,M/23
KGV3,TIPE-1,M/25
KGV3,TIPE-1,M/26
KGV3,TIPE-1,M/27
KGV3,TIPE-1,M/28
KGV3,TIPE-1,M/29
KGV3,TIPE-1,M/30
KGV3,TIPE-1,M/31
KGV3,TIPE-1,M/32
KGV3,TIPE-1,M/33
KGV3,TIPE-1,M/35
KGV3,TIPE-1,N/1
KGV3,TIPE-1,N/2
KGV3,TIPE-1,N/3
KGV3,TIPE-1,N/5
KGV3,TIPE-1,N/6
KGV3,TIPE-1,N/7
KGV3,TIPE-1,N/8
KGV3,TIPE-1,O/1
KGV3,TIPE-1,O/2
KGV3,TIPE-2A,B/11
KGV3,TIPE-2A,B/12
KGV3,TIPE-2A,B/15
KGV3,TIPE-2A,B/16
KGV3,TIPE-2A,B/17
KGV3,TIPE-2A,B/18
KGV3,TIPE-2A,B/19
KGV3,TIPE-2A,B/20
KGV3,TIPE-2A,B/21
KGV3,TIPE-2A,B/22
KGV3,TIPE-2A,B/23
KGV3,TIPE-2A,B/25
KGV3,TIPE-2A,B/26
KGV3,TIPE-2A,B/27
KGV3,TIPE-2A,B/28
KGV3,TIPE-2A,B/29
KGV3,TIPE-2A,B/30
KGV3,TIPE-2A,C/1
KGV3,TIPE-2A,C/12
KGV3,TIPE-2A,C/15
KGV3,TIPE-2A,C/16
KGV3,TIPE-2A,C/17
KGV3,TIPE-2A,C/18
KGV3,TIPE-2A,C/19
KGV3,TIPE-2A,C/2
KGV3,TIPE-2A,C/20
KGV3,TIPE-2A,C/21
KGV3,TIPE-2A,C/22
KGV3,TIPE-2A,C/23
KGV3,TIPE-2A,C/25
KGV3,TIPE-2A,C/26
KGV3,TIPE-2A,C/27
KGV3,TIPE-2A,C/28
KGV3,TIPE-2A,C/29
KGV3,TIPE-2A,C/3
KGV3,TIPE-2A,C/30
KGV3,TIPE-2A,C/31
KGV3,TIPE-2A,C/32
KGV3,TIPE-2A,C/5
KGV3,TIPE-2A,C/6
KGV3,TIPE-2A,C/7
KGV3,TIPE-2A,C/8
KGV3,TIPE-2A,D/1
KGV3,TIPE-2A,D/2
KGV3,TIPE-2A,D/3
KGV3,TIPE-2A,D/5
KGV3,TIPE-2A,D/6
KGV3,TIPE-2A,F/10
KGV3,TIPE-2A,F/11
KGV3,TIPE-2A,F/12
KGV3,TIPE-2A,F/15
KGV3,TIPE-2A,F/16
KGV3,TIPE-2A,F/17
KGV3,TIPE-2A,F/18
KGV3,TIPE-2A,F/19
KGV3,TIPE-2A,F/20
KGV3,TIPE-2A,F/21
KGV3,TIPE-2A,F/22
KGV3,TIPE-2A,F/23
KGV3,TIPE-2A,F/25
KGV3,TIPE-2A,F/26
KGV3,TIPE-2A,F/27
KGV3,TIPE-2A,F/28
KGV3,TIPE-2A,F/29
KGV3,TIPE-2A,F/30
KGV3,TIPE-2A,F/31
KGV3,TIPE-2A,F/32
KGV3,TIPE-2A,F/33
KGV3,TIPE-2A,F/35
KGV3,TIPE-2A,F/36
KGV3,TIPE-2A,F/37
KGV3,TIPE-2A,F/38
KGV3,TIPE-2A,F/9
KGV3,TIPE-2A,H/1
KGV3,TIPE-2A,H/2
KGV3,TIPE-2A,H/3
KGV3,TIPE-2A,H/5
KGV3,TIPE-2A,H/6
KGV3,TIPE-2A,K/1
KGV3,TIPE-2A,K/10
KGV3,TIPE-2A,K/2
KGV3,TIPE-2A,K/3
KGV3,TIPE-2A,K/5
KGV3,TIPE-2A,K/6
KGV3,TIPE-2A,K/7
KGV3,TIPE-2A,K/8
KGV3,TIPE-2A,K/9
KGV3,TIPE-2A,L/1
KGV3,TIPE-2A,L/19
KGV3,TIPE-2A,L/2
KGV3,TIPE-2A,L/20
KGV3,TIPE-2A,L/21
KGV3,TIPE-2A,L/22
KGV3,TIPE-2A,L/23
KGV3,TIPE-2A,L/25
KGV3,TIPE-2A,L/26
KGV3,TIPE-2A,L/27
KGV3,TIPE-2A,L/28
KGV3,TIPE-2A,L/3
KGV3,TIPE-2A,L/5
KGV3,TIPE-2A,L/6
KGV3,TIPE-2A,L/7
KGV3,TIPE-2A,L/8
KGV3,TIPE-2A,L/9
KGV3,TIPE-2A,M/1
KGV3,TIPE-2A,M/10
KGV3,TIPE-2A,M/11
KGV3,TIPE-2A,M/12
KGV3,TIPE-2A,M/15
KGV3,TIPE-2A,M/16
KGV3,TIPE-2A,M/2
KGV3,TIPE-2A,M/3
KGV3,TIPE-2A,M/5
KGV3,TIPE-2A,M/6
KGV3,TIPE-2A,M/7
KGV3,TIPE-2A,M/8
KGV3,TIPE-2A,M/9
KGV3,TIPE-2B,A/1
KGV3,TIPE-2B,A/16
KGV3,TIPE-2B,A/17
KGV3,TIPE-2B,A/18
KGV3,TIPE-2B,A/19
KGV3,TIPE-2B,A/2
KGV3,TIPE-2B,A/20
KGV3,TIPE-2B,A/21
KGV3,TIPE-2B,A/22
KGV3,TIPE-2B,A/23
KGV3,TIPE-2B,A/25
KGV3,TIPE-2B,A/26
KGV3,TIPE-2B,A/27
KGV3,TIPE-2B,A/28
KGV3,TIPE-2B,A/29
KGV3,TIPE-2B,A/3
KGV3,TIPE-2B,A/30
KGV3,TIPE-2B,A/31
KGV3,TIPE-2B,A/32
KGV3,TIPE-2B,A/33
KGV3,TIPE-2B,A/5
KGV3,TIPE-2B,A/6
KGV3,TIPE-2B,A/7
KGV3,TIPE-2B,A/8
KGV3,TIPE-2B,A/9
KGV3,TIPE-2B,B/1
KGV3,TIPE-2B,B/10
KGV3,TIPE-2B,B/11
KGV3,TIPE-2B,B/12
KGV3,TIPE-2B,B/15
KGV3,TIPE-2B,B/16
KGV3,TIPE-2B,B/17
KGV3,TIPE-2B,B/18
KGV3,TIPE-2B,B/19
KGV3,TIPE-2B,B/2
KGV3,TIPE-2B,B/20
KGV3,TIPE-2B,B/21
KGV3,TIPE-2B,B/22
KGV3,TIPE-2B,B/23
KGV3,TIPE-2B,B/25
KGV3,TIPE-2B,B/26
KGV3,TIPE-2B,B/27
KGV3,TIPE-2B,B/28
KGV3,TIPE-2B,B/29
KGV3,TIPE-2B,B/3
KGV3,TIPE-2B,B/30
KGV3,TIPE-2B,B/31
KGV3,TIPE-2B,B/32
KGV3,TIPE-2B,B/33
KGV3,TIPE-2B,B/35
KGV3,TIPE-2B,B/36
KGV3,TIPE-2B,B/37
KGV3,TIPE-2B,B/5
KGV3,TIPE-2B,B/6
KGV3,TIPE-2B,B/7
KGV3,TIPE-2B,B/8
KGV3,TIPE-2B,B/9
KGV3,TIPE-2B,C/1
KGV3,TIPE-2B,C/10
KGV3,TIPE-2B,C/11
KGV3,TIPE-2B,C/12
KGV3,TIPE-2B,C/15
KGV3,TIPE-2B,C/16
KGV3,TIPE-2B,C/17
KGV3,TIPE-2B,C/18
KGV3,TIPE-2B,C/19
KGV3,TIPE-2B,C/2
KGV3,TIPE-2B,C/20
KGV3,TIPE-2B,C/3
KGV3,TIPE-2B,C/5
KGV3,TIPE-2B,C/6
KGV3,TIPE-2B,C/7
KGV3,TIPE-2B,C/8
KGV3,TIPE-2B,C/9
KGV3,TIPE-2B,F/1
KGV3,TIPE-2B,F/10
KGV3,TIPE-2B,F/11
KGV3,TIPE-2B,F/12
KGV3,TIPE-2B,F/15
KGV3,TIPE-2B,F/16
KGV3,TIPE-2B,F/17
KGV3,TIPE-2B,F/18
KGV3,TIPE-2B,F/2
KGV3,TIPE-2B,F/3
KGV3,TIPE-2B,F/5
KGV3,TIPE-2B,F/6
KGV3,TIPE-2B,F/7
KGV3,TIPE-2B,F/8
KGV3,TIPE-2B,F/9
KGV3,TIPE-3,A/1
KGV3,TIPE-3,A/10
KGV3,TIPE-3,A/11
KGV3,TIPE-3,A/12
KGV3,TIPE-3,A/15
KGV3,TIPE-3,A/16
KGV3,TIPE-3,A/2
KGV3,TIPE-3,A/3
KGV3,TIPE-3,A/5
KGV3,TIPE-3,A/6
KGV3,TIPE-3,A/7
KGV3,TIPE-3,A/8
KGV3,TIPE-3,A/9
KGV3,TIPE-3,B/1
KGV3,TIPE-3,B/10
KGV3,TIPE-3,B/11
KGV3,TIPE-3,B/12
KGV3,TIPE-3,B/15
KGV3,TIPE-3,B/16
KGV3,TIPE-3,B/17
KGV3,TIPE-3,B/2
KGV3,TIPE-3,B/3
KGV3,TIPE-3,B/5
KGV3,TIPE-3,B/6
KGV3,TIPE-3,B/7
KGV3,TIPE-3,B/8
KGV3,TIPE-3,B/9
KGV3,TIPE-3,C/1
KGV3,TIPE-3,C/10
KGV3,TIPE-3,C/11
KGV3,TIPE-3,C/12
KGV3,TIPE-3,C/15
KGV3,TIPE-3,C/2
KGV3,TIPE-3,C/3
KGV3,TIPE-3,C/5
KGV3,TIPE-3,C/6
KGV3,TIPE-3,C/7
KGV3,TIPE-3,C/8
KGV3,TIPE-3,C/9
